stock,horizon,model,library,mae,mse,rmse,mape,smape,wape,mase,r2,column,target
HDFCBANK,7,Hybrid_ARIMA_BiLSTM_XGB,dl_multivariate,6.348256728070237,,8.46776245326335,0.715394247148597,,,,,,Close
RELIANCE,7,Hybrid_ARIMA_BiLSTM_XGB,dl_univariate,7.090871595921681,,10.09605452046412,0.5829218344557021,,,,,,Close
HDFCBANK,7,Hybrid_ARIMA_BiLSTM_XGB,dl_univariate,10.635730534626452,,11.998384537566908,1.2057274393918422,,,,,,Close
RELIANCE,7,BiLSTM,dl_univariate,11.73732168156621,,15.376903551022865,0.9667986495626439,,,,,,Close
RELIANCE,7,XGBoostSeq,dl_multivariate,14.577267385620189,,17.116643662116363,1.196148883917435,,,,,,Close
HDFCBANK,7,Transformer,dl_univariate,15.55142576950575,,18.21453678879266,1.7461030083380662,,,,,,Close
RELIANCE,7,XGBoostSeq,dl_univariate,15.572372194651416,,18.291877566392337,1.274878650801214,,,,,,Close
HDFCBANK,7,WeightedEnsemble,autogluon_timeseries,14.083586137610089,346.19145212577706,18.606220791062785,1.5903344866382785,1.6126130613177,1.6109096591032157,1.5707350224459453,-0.9906479677046109,,
HDFCBANK,7,ETS,autogluon_internal,14.083586137610089,346.19145212577706,18.606220791062785,1.5903344866382785,1.6126130613177,1.6109096591032157,1.5707350224459453,-0.9906479677046109,,
HDFCBANK,7,arima,flaml,14.50762950620518,361.16744527738035,19.004405943816828,1.6387003003125362,1.66187879630761,1.6594126150743724,1.6180283583605501,-1.076761966616306,,
HDFCBANK,7,AutoARIMA,statsforecast,14.759320548943865,372.0756359587011,19.289262193217787,1.667274140597948,1.6911239616606561,1.6882015561789931,1.6460993291916115,-1.139485547680394,,
HDFCBANK,7,RecursiveTabular,autogluon_internal,16.194004603794514,383.0405411890514,19.57142154236762,1.8539922124645856,1.830195911069801,1.8523036803921138,1.806108894161765,-1.202535245120469,,
HDFCBANK,7,Naive,autogluon_internal,14.977887834821558,391.6443129086127,19.790005379196153,1.6912799020382248,1.7165368571342468,1.7132017335872236,1.6704760246819907,-1.2520081035142012,,
HDFCBANK,7,Theta,autogluon_internal,15.941130089419842,427.3470909261959,20.672375067374237,1.80122449732897,1.8288389658147213,1.8233793713583974,1.7779059313558931,-1.4573039364000158,,
RELIANCE,7,Transformer,dl_univariate,19.72473574636515,,22.251812122853263,1.6265257089560825,,,,,,Close
RELIANCE,7,Transformer,dl_multivariate,25.04236043307178,,27.450827893670965,2.064028566362438,,,,,,Close
RELIANCE,7,RecursiveTabular,autogluon_internal,23.05610874721177,777.4766974285501,27.883269130942125,1.8169659289760016,1.8315684154687817,1.8273326389275635,1.5638984103140134,-0.08307259514646947,,
RELIANCE,7,SeasonalNaive,autogluon_internal,26.958382742746057,1090.2012692121268,33.01819603206884,2.132982125190378,2.144927401810576,2.1366108747417663,1.828590087697076,-0.5187170519487694,,
HDFCBANK,7,XGBoostSeq,dl_multivariate,32.76034492873951,,33.98914934638148,3.692772283786387,,,,,,Close
RELIANCE,7,ETS,autogluon_internal,31.78551779293311,1239.1191028619298,35.201123602264886,2.4972042158805574,2.5311670416930765,2.5191898054030286,2.156015192866721,-0.7261687030247872,,
RELIANCE,7,original/ARIMA,classical,30.426802571614818,,35.71064225643307,2.4304134976924234,,,,,Close,
RELIANCE,7,AutoARIMA,statsforecast,32.74241606005018,1306.7151099474347,36.148514629890876,2.5726133058900653,2.608443521751135,2.595029638343082,2.2209217083236106,-0.820334075514765,,
RELIANCE,7,Naive,autogluon_internal,32.986092703682125,1344.0958525500039,36.661912832666054,2.590537068195622,2.6281261743830333,2.6143424499339285,2.237450322053919,-0.872407736414148,,
RELIANCE,7,Theta,autogluon_internal,33.922227474090995,1421.8860291253982,37.70790406699103,2.6643166969569596,2.704047296514049,2.68853665326453,2.3009484472290596,-0.9807742105465218,,
RELIANCE,7,original/ExpSmoothing,classical,31.732231873102684,,37.87898484903497,2.5434273604346194,,,,,Close,
HDFCBANK,7,XGBoostSeq,dl_univariate,37.06562721548744,,38.076429998371445,4.176980939502669,,,,,,Close
HDFCBANK,7,SeasonalNaive,autogluon_internal,36.20612226213744,1531.601723824008,39.13568351037207,4.122529086141879,4.223592966943151,4.141331014761456,4.03804994753628,-7.806918368843586,,
HDFCBANK,7,original/RandomForest,classical,38.60226520843431,,43.55731762720922,4.274445028576591,,,,,Close,
RELIANCE,7,AttentionForecaster,dl_univariate,41.79696220187493,,43.67537079797936,3.4164861213225066,,,,,,Close
RELIANCE,7,BiLSTM,dl_multivariate,48.65835190192725,,49.56211127885103,3.98477879882849,,,,,,Close
HDFCBANK,7,AttentionForecaster,dl_multivariate,49.38393873659197,,51.26441849050533,5.563507094299034,,,,,,Close
HDFCBANK,7,original/XGBoost,classical,46.765979083476054,,51.31737847813713,5.1859040730229475,,,,,Close,
HDFCBANK,7,BiLSTM,dl_univariate,52.31705718532699,,52.83696555864324,5.902588853004607,,,,,,Close
RELIANCE,7,original/XGBoost,classical,46.92029813547013,,57.43400388123106,3.6599459354067267,,,,,Close,
HDFCBANK,7,original/ExpSmoothing,classical,54.01485740713653,,58.09758387376722,5.998009140060563,,,,,Close,
HDFCBANK,7,original/ARIMA,classical,57.02448209021562,,61.05444827790586,6.33407025145776,,,,,Close,
TCS,7,Hybrid_ARIMA_BiLSTM_XGB,dl_multivariate,50.86247349117362,,61.43217904542899,1.282155583991166,,,,,,Close
RELIANCE,7,original/RandomForest,classical,50.31602588099213,,61.704479725556965,3.924320383453913,,,,,Close,
HDFCBANK,7,BiLSTM,dl_multivariate,67.37591641000023,,67.78080239545216,7.60421983499618,,,,,,Close
RELIANCE,7,Hybrid_ARIMA_BiLSTM_XGB,dl_multivariate,72.26471605247173,,72.85639532701536,5.930045934558056,,,,,,Close
RELIANCE,7,xgb_limitdepth,flaml,67.79215785435359,5941.814250631726,77.08316450841731,5.315487733494574,5.504015592627581,5.3729284533137385,4.598349576790641,-7.277310691876256,,
TCS,7,XGBoostSeq,dl_multivariate,61.75479977862269,,78.92139523711226,1.540518164107434,,,,,,Close
TCS,7,XGBoostSeq,dl_univariate,70.55739679598264,,81.68082489386008,1.768804685251749,,,,,,Close
RELIANCE,7,AttentionForecaster,dl_multivariate,84.07283488184434,,85.450437318094,6.909419553409421,,,,,,Close
RELIANCE,7,original/LSTM,classical,77.36337540377694,,86.23268511984746,6.069062692496592,,,,,Close,
RELIANCE,7,WeightedEnsemble,autogluon_timeseries,94.81638009207498,10048.09225289782,100.24017284950092,7.5731893690898735,7.262740676003829,7.514757496455821,6.431405564725122,-12.997607116214958,,
RELIANCE,7,DirectTabular,autogluon_internal,94.81638009207498,10048.09225289782,100.24017284950092,7.5731893690898735,7.262740676003829,7.514757496455821,6.431405564725122,-12.997607116214958,,
TCS,7,BiLSTM,dl_multivariate,97.13561384685673,,107.01274455310643,2.4186118573826456,,,,,,Close
HDFCBANK,7,original/LSTM,classical,108.03188861211486,,109.74862560310257,12.0620024809262,,,,,Close,
HDFCBANK,7,DirectTabular,autogluon_internal,110.07699148995549,12317.880271240034,110.98594627807628,12.569909588043041,13.425451968119201,12.590833549322312,12.276829495651304,-69.82948807027151,,
HDFCBANK,7,AttentionForecaster,dl_univariate,112.55228140014773,,112.96456285896096,12.70232012974411,,,,,,Close
HDFCBANK,7,Transformer,dl_multivariate,114.53640441081924,,114.85173640406319,12.92813758712798,,,,,,Close
TCS,7,original/RandomForest,classical,130.488190305914,,161.35805277877645,3.214868738652273,,,,,Close,
TCS,7,Transformer,dl_univariate,150.52075280369027,,168.3603277243571,3.7385967109320775,,,,,,Close
TCS,7,original/ExpSmoothing,classical,140.92842929105782,,169.19572246218098,3.41129293079496,,,,,Close,
TCS,7,original/XGBoost,classical,139.3076427949686,,171.4181346712642,3.437765493588249,,,,,Close,
TCS,7,original/ARIMA,classical,150.9563424007271,,179.75348697524652,3.6533724763970064,,,,,Close,
TCS,7,SeasonalNaive,autogluon_internal,161.00674874442035,33411.17806968749,182.78724810469546,3.966697807335008,4.057346078723899,4.0091023165830535,4.273478510388526,-1.9455220136168996,,
TCS,7,ETS,autogluon_internal,177.8790779704355,42657.095335744074,206.5359419949566,4.361910476696345,4.493325273907882,4.42922690585443,4.721307790402323,-2.7606400195263805,,
TCS,7,AutoARIMA,statsforecast,178.54653556124438,43266.91556699406,208.00700845643172,4.377349903143561,4.510670253495346,4.445846741944534,4.739023604758932,-2.814401635227248,,
TCS,7,arima,flaml,179.67133215159765,43637.877442545956,208.89681051309987,4.405510096719716,4.5400107869485335,4.473854416475172,4.768878217033994,-2.847105551514536,,
TCS,7,Naive,autogluon_internal,181.9688895089293,44455.71812352141,210.84524686015905,4.462771034991369,4.599832232234086,4.531064083744352,4.8298605178972185,-2.919206203710041,,
TCS,7,Theta,autogluon_internal,185.85613361619042,46333.27375304307,215.2516521493925,4.55833239564732,4.701293156885738,4.627857289476881,4.933036653596875,-3.08473108963329,,
TCS,7,WeightedEnsemble,autogluon_timeseries,184.4032156808043,46441.32235144743,215.50248804003965,4.521773751462872,4.664957715702885,4.591679323609078,4.894472968393302,-3.094256629992169,,
TCS,7,RecursiveTabular,autogluon_internal,184.4032156808043,46441.32235144743,215.50248804003965,4.521773751462872,4.664957715702885,4.591679323609078,4.894472968393302,-3.094256629992169,,
TCS,7,DirectTabular,autogluon_internal,174.78145926339215,48719.249041063165,220.7243734639724,4.443570297086529,4.289381167204613,4.3520955406716455,4.639090075423552,-3.2950781393587008,,
NIFTY50,7,Hybrid_ARIMA_BiLSTM_XGB,dl_univariate,197.87615565561208,,236.52425049464702,0.8269774258142712,,,,,,Close
BANKNIFTY,7,XGBoostSeq,dl_univariate,263.86075427551987,,306.51698444106114,0.51416484003912,,,,,,Close
NIFTY50,7,XGBoostSeq,dl_multivariate,358.85614798092064,,386.2095210901614,1.5092826634707746,,,,,,Close
BANKNIFTY,7,XGBoostSeq,dl_multivariate,314.39463043323485,,399.2911372313515,0.6136409076820292,,,,,,Close
TCS,7,BiLSTM,dl_univariate,397.4932948745103,,401.48122024627327,9.94051492734204,,,,,,Close
TCS,7,AttentionForecaster,dl_multivariate,407.8927064187803,,419.4493261686272,10.180405711755043,,,,,,Close
TCS,7,Hybrid_ARIMA_BiLSTM_XGB,dl_univariate,423.69200424223334,,426.1928263573753,10.638461264449536,,,,,,Close
HDFCBANK,7,decomposition+model/ExpSmoothing,classical,433.5991968296883,,434.1232662295339,48.561506180630445,,,,,Close,
HDFCBANK,7,decomposition+model/ARIMA,classical,434.3023781834482,,434.8248491961879,48.640227112294774,,,,,Close,
HDFCBANK,7,decomposition+model/RandomForest,classical,435.66698273585877,,436.38436157606446,48.78346230521115,,,,,Close,
HDFCBANK,7,decomposition+model/XGBoost,classical,436.77197224177604,,437.4853603340123,48.90742249036478,,,,,Close,
NIFTY50,7,XGBoostSeq,dl_univariate,431.93405139369787,,443.97270175352946,1.8139412441504312,,,,,,Close
NIFTY50,7,RecursiveTabular,autogluon_internal,415.36537388392856,209609.32618345533,457.8311109824837,1.7280503302541435,1.7436429934424218,1.737963658980541,2.319735731060207,-0.7247116301773686,,
HDFCBANK,7,decomposition+model/LSTM,classical,473.8305776894484,,474.41834632106094,53.06629122382949,,,,,Close,
NIFTY50,7,ETS,autogluon_internal,436.35884249460236,245450.98281611296,495.4300988193117,1.8123319570661272,1.8325821408408165,1.825804119007658,2.4369802158368308,-1.019624662744751,,
NIFTY50,7,Naive,autogluon_internal,453.30008370535717,266726.81998893194,516.4560194139787,1.8823299981720356,1.9045548116051696,1.896689328544992,2.53159378989965,-1.1946869296860836,,
NIFTY50,7,SeasonalNaive,autogluon_internal,463.33217075892856,272764.97624492645,522.2690649894233,1.9248514053851498,1.9472620873047182,1.938665390631738,2.5876210667467068,-1.244370207186949,,
NIFTY50,7,AutoARIMA,statsforecast,457.4194377536681,273819.6307968235,523.2777759439277,1.8991197321844466,1.922069297482946,1.9139254490417363,2.554599590035086,-1.2530481367647779,,
NIFTY50,7,Theta,autogluon_internal,464.899890978844,282198.1893149485,531.223295154635,1.9303533811897484,1.953950416190402,1.9452250148589212,2.5963764826747076,-1.321988758746857,,
NIFTY50,7,original/XGBoost,classical,439.83815020444257,,533.7537877005169,1.8253380833175397,,,,,Close,
RELIANCE,7,decomposition+model/ARIMA,classical,536.2771528036072,,537.3107805889659,42.56738171455142,,,,,Close,
RELIANCE,7,decomposition+model/ExpSmoothing,classical,538.4307669623983,,539.397808480658,42.74138690461746,,,,,Close,
TCS,7,AttentionForecaster,dl_univariate,544.504428333493,,549.7059551702921,13.61498188228945,,,,,,Close
RELIANCE,7,decomposition+model/RandomForest,classical,564.9446533575481,,566.1776089386894,44.852342650184426,,,,,Close,
RELIANCE,7,decomposition+model/XGBoost,classical,566.0097805413095,,567.1373128411994,44.93727608373971,,,,,Close,
TCS,7,Transformer,dl_multivariate,585.1237523351047,,591.9001241944463,14.626911045118336,,,,,,Close
RELIANCE,7,decomposition+model/LSTM,classical,660.3270627931407,,661.2853041024306,52.426865998851525,,,,,Close,
NIFTY50,7,original/ExpSmoothing,classical,544.9889283656686,,670.5291019198751,2.231668095418784,,,,,Close,
NIFTY50,7,original/RandomForest,classical,574.9104964827483,,683.1720753837368,2.3680035526169485,,,,,Close,
NIFTY50,7,original/ARIMA,classical,612.9406900855082,,731.3667244995302,2.512380514457343,,,,,Close,
NIFTY50,7,WeightedEnsemble,autogluon_timeseries,702.0179966517857,602493.0176158632,776.2042370509602,2.9582363818978883,2.905224983001642,2.9373699466630825,3.920635500867547,-3.957445040748177,,
NIFTY50,7,DirectTabular,autogluon_internal,702.0179966517857,602493.0176158632,776.2042370509602,2.9582363818978883,2.905224983001642,2.9373699466630825,3.920635500867547,-3.957445040748177,,
TCS,7,original/LSTM,classical,780.3895156820229,,792.3344700051275,19.11878073698037,,,,,Close,
BANKNIFTY,7,BiLSTM,dl_univariate,612.0739412777824,,827.3524722112027,1.1942259551754726,,,,,,Close
NIFTY50,7,BiLSTM,dl_univariate,817.5776936038826,,841.6248606363816,3.42324916359258,,,,,,Close
NIFTY50,7,xgb_limitdepth,flaml,775.1583426339286,744743.5891648701,862.9852774902189,3.225830196988762,3.291402938173662,3.2434023492526864,4.329110267000304,-5.1279140252017665,,
BANKNIFTY,7,BiLSTM,dl_multivariate,816.916794582957,,885.7063879146937,1.5875721919227026,,,,,,Close
BANKNIFTY,7,DirectTabular,autogluon_internal,735.7912946428571,1038493.5966142927,1019.0650600497952,1.4138398859735726,1.4332244895168555,1.4282627736252174,1.394981980649568,-0.7353161300630087,,
NIFTY50,7,BiLSTM,dl_multivariate,1077.5549142825846,,1091.1145638983492,4.514332105683972,,,,,,Close
BANKNIFTY,7,RecursiveTabular,autogluon_internal,951.7661830357143,1283598.457386562,1132.9600422727017,1.8299704132788186,1.8537520646031007,1.8474969985681822,1.8044473817414293,-1.1448847781910723,,
BANKNIFTY,7,AutoARIMA,statsforecast,960.8211034834219,1285973.9249837939,1134.0079034044666,1.8482441637763791,1.8716438457922362,1.8650737297523639,1.8216145471492484,-1.1488541692892533,,
BANKNIFTY,7,arima,flaml,994.9555585361876,1389589.1007245893,1178.8083392666465,1.9135025407148831,1.9390081707006612,1.9313329690296002,1.8863298408263955,-1.3219944624682562,,
BANKNIFTY,7,Naive,autogluon_internal,998.7075892857143,1390584.0916530064,1179.2302962750773,1.9209123379571362,1.9464172240661572,1.9386161291920851,1.8934432917798665,-1.323657085919164,,
BANKNIFTY,7,ETS,autogluon_internal,998.7188484159124,1390630.8563781285,1179.2501246038214,1.9209335807479317,1.9464394569534305,1.9386379845696116,1.8934646378923559,-1.3237352294744897,,
BANKNIFTY,7,AttentionForecaster,dl_multivariate,1131.4716674583149,,1213.0050078947174,2.2078401786307595,,,,,,Close
BANKNIFTY,7,Theta,autogluon_internal,1041.450166203436,1514928.0586069042,1230.8241379689075,2.0031322641564255,2.03099683277331,2.0215848078172187,1.9744786683069715,-1.5314350560815186,,
BANKNIFTY,7,WeightedEnsemble,autogluon_timeseries,1057.9118952450142,1634907.6250158767,1278.635063267028,2.03300284222529,2.0635642488805024,2.0535390792944366,2.005688354464625,-1.7319201409643137,,
BANKNIFTY,7,SeasonalNaive,autogluon_internal,1266.275669642857,2109382.3547319686,1452.3712868037458,2.4381966223494485,2.4777609320412974,2.4579991816512226,2.400723893511342,-2.524764366935431,,
BANKNIFTY,7,original/RandomForest,classical,1270.164704868648,,1567.809115869451,2.4188254577520407,,,,,Close,
BANKNIFTY,7,original/XGBoost,classical,1346.63208315972,,1638.3721864047498,2.5589703738915732,,,,,Close,
TCS,7,decomposition+model/ExpSmoothing,classical,1863.4420975958726,,1867.7465016000647,45.80664698977813,,,,,Close,
TCS,7,decomposition+model/ARIMA,classical,1869.759277136939,,1873.9655956010308,45.9628144345062,,,,,Close,
TCS,7,decomposition+model/RandomForest,classical,1915.4028866165977,,1920.0689782175216,47.080820421016675,,,,,Close,
TCS,7,decomposition+model/XGBoost,classical,1944.3674252063975,,1948.7125628137287,47.79693453813403,,,,,Close,
NIFTY50,7,Transformer,dl_univariate,1965.5810477772982,,1980.1983242031822,8.235543884640995,,,,,,Close
BANKNIFTY,7,original/ExpSmoothing,classical,1752.5557073051643,,2058.7863737355433,3.3220837620935426,,,,,Close,
BANKNIFTY,7,original/ARIMA,classical,1925.9492965324523,,2205.755777446805,3.654997899528379,,,,,Close,
TCS,7,decomposition+model/LSTM,classical,2310.0208767293952,,2313.861547563456,56.80243718515269,,,,,Close,
NIFTY50,7,AttentionForecaster,dl_multivariate,2782.46831321019,,2801.2272927838394,11.659088362804193,,,,,,Close
NIFTY50,7,AttentionForecaster,dl_univariate,3030.3801379845363,,3039.853390894207,12.702269968330288,,,,,,Close
BANKNIFTY,7,Transformer,dl_univariate,3699.772172096162,,3750.8073976251158,7.182970615000291,,,,,,Close
NIFTY50,7,Hybrid_ARIMA_BiLSTM_XGB,dl_multivariate,4120.239276200429,,4124.397695791627,17.290943205196395,,,,,,Close
BANKNIFTY,7,Transformer,dl_multivariate,4670.006575043639,,4702.950794300205,9.071713989636,,,,,,Close
BANKNIFTY,7,Hybrid_ARIMA_BiLSTM_XGB,dl_univariate,5442.771925575895,,5464.976098080458,10.58958847056803,,,,,,Close
BANKNIFTY,7,original/LSTM,classical,6473.453346450258,,6591.463811528688,12.379800241828612,,,,,Close,
NIFTY50,7,Transformer,dl_multivariate,6913.891532043269,,6917.104512926191,28.99445557202641,,,,,,Close
BANKNIFTY,7,AttentionForecaster,dl_univariate,7144.884553327121,,7171.068231834813,13.88450000438958,,,,,,Close
BANKNIFTY,7,Hybrid_ARIMA_BiLSTM_XGB,dl_multivariate,7424.202746840984,,7435.749886007662,14.44359301884657,,,,,,Close
NIFTY50,7,decomposition+model/ExpSmoothing,classical,9395.5315869152,,9405.599429583426,38.922305966195715,,,,,Close,
NIFTY50,7,decomposition+model/ARIMA,classical,9411.564250056857,,9421.371125966856,38.98901244678933,,,,,Close,
NIFTY50,7,decomposition+model/RandomForest,classical,9634.945702163835,,9646.634579793588,39.91225292465847,,,,,Close,
NIFTY50,7,decomposition+model/XGBoost,classical,9749.625842418103,,9760.653630766874,40.388252467439706,,,,,Close,
NIFTY50,7,decomposition+model/LSTM,classical,12626.039795912404,,12634.356447654167,52.31413717822222,,,,,Close,
BANKNIFTY,7,decomposition+model/RandomForest,classical,22374.23940574189,,22406.85364438475,42.90902809045337,,,,,Close,
BANKNIFTY,7,decomposition+model/XGBoost,classical,22418.285659512283,,22451.018209808983,42.99358373254206,,,,,Close,
BANKNIFTY,7,decomposition+model/ExpSmoothing,classical,22587.71801180098,,22613.33560145909,43.323199167638286,,,,,Close,
BANKNIFTY,7,decomposition+model/ARIMA,classical,22595.91800490144,,22621.436908052867,43.33900756590553,,,,,Close,
BANKNIFTY,7,decomposition+model/LSTM,classical,27965.2514103767,,27990.626271797082,53.643599696281655,,,,,Close,
NIFTY50,7,original/LSTM,classical,37622.47845842397,,39714.68273892011,155.52798552012598,,,,,Close,
HDFCBANK,15,Hybrid_ARIMA_BiLSTM_XGB,dl_multivariate,6.348256728070237,,8.46776245326335,0.715394247148597,,,,,,Close
RELIANCE,15,Hybrid_ARIMA_BiLSTM_XGB,dl_univariate,7.090871595921681,,10.09605452046412,0.5829218344557021,,,,,,Close
HDFCBANK,15,Hybrid_ARIMA_BiLSTM_XGB,dl_univariate,10.635730534626452,,11.998384537566908,1.2057274393918422,,,,,,Close
RELIANCE,15,BiLSTM,dl_univariate,11.73732168156621,,15.376903551022865,0.9667986495626439,,,,,,Close
HDFCBANK,15,RecursiveTabular,autogluon_internal,13.986149088541575,288.8586408053804,16.99584186809763,1.5758510163677006,1.5632553721764166,1.5662064844916959,1.5598679191414124,0.4106591791677794,,
RELIANCE,15,XGBoostSeq,dl_multivariate,14.577267385620189,,17.116643662116363,1.196148883917435,,,,,,Close
HDFCBANK,15,Transformer,dl_univariate,15.55142576950575,,18.21453678879266,1.7461030083380662,,,,,,Close
RELIANCE,15,XGBoostSeq,dl_univariate,15.572372194651416,,18.291877566392337,1.274878650801214,,,,,,Close
RELIANCE,15,Transformer,dl_univariate,19.72473574636515,,22.251812122853263,1.6265257089560825,,,,,,Close
RELIANCE,15,Transformer,dl_multivariate,25.04236043307178,,27.450827893670965,2.064028566362438,,,,,,Close
HDFCBANK,15,XGBoostSeq,dl_multivariate,32.76034492873951,,33.98914934638148,3.692772283786387,,,,,,Close
RELIANCE,15,original/ARIMA,classical,30.426802571614818,,35.71064225643307,2.4304134976924234,,,,,Close,
HDFCBANK,15,WeightedEnsemble,autogluon_timeseries,31.428617764865212,1413.5021384434974,37.596570833568016,3.464170249650336,3.5514116646872895,3.5194609059523234,3.505217360691185,-1.8838829546374902,,
HDFCBANK,15,ETS,autogluon_internal,31.428617764865212,1413.5021384434974,37.596570833568016,3.464170249650336,3.5514116646872895,3.5194609059523234,3.505217360691185,-1.8838829546374902,,
RELIANCE,15,original/ExpSmoothing,classical,31.732231873102684,,37.87898484903497,2.5434273604346194,,,,,Close,
HDFCBANK,15,XGBoostSeq,dl_univariate,37.06562721548744,,38.076429998371445,4.176980939502669,,,,,,Close
HDFCBANK,15,arima,flaml,32.87061896190004,1555.2814658018003,39.43705701243185,3.6226181304193994,3.7186641063976142,3.680940067309973,3.6660430027159046,-2.1731467444601353,,
HDFCBANK,15,AutoARIMA,statsforecast,33.19047245689,1572.7520299908333,39.65793779296691,3.6586497323744034,3.7558110400865674,3.716758119496405,3.7017160963245557,-2.208790880328322,,
HDFCBANK,15,Theta,autogluon_internal,33.631058837744,1600.6875863762928,40.0085939065133,3.708204401939367,3.8072181740544915,3.766096164036313,3.750854465775216,-2.2657861070755936,,
HDFCBANK,15,Naive,autogluon_internal,33.591756184895985,1611.5942404071604,40.1446664004966,3.70276947724807,3.802449884065217,3.7616949475643167,3.7464710613851544,-2.288038293893212,,
RELIANCE,15,RecursiveTabular,autogluon_internal,37.414912923178996,1807.5807273878977,42.51565273388023,2.8925552359358333,2.9426570836208916,2.917298016037464,2.537857688135384,-1.2509767023228608,,
HDFCBANK,15,original/RandomForest,classical,38.60226520843431,,43.55731762720922,4.274445028576591,,,,,Close,
RELIANCE,15,SeasonalNaive,autogluon_internal,38.54188232421849,1900.203477241852,43.59132341695824,2.9866564101883886,3.033903251067753,3.0051695448189917,2.6143001474454937,-1.3663196294006554,,
RELIANCE,15,AttentionForecaster,dl_univariate,41.79696220187493,,43.67537079797936,3.4164861213225066,,,,,,Close
RELIANCE,15,BiLSTM,dl_multivariate,48.65835190192725,,49.56211127885103,3.98477879882849,,,,,,Close
RELIANCE,15,ETS,autogluon_internal,46.62958238309446,2567.9595903803615,50.675039125592804,3.6047109476803425,3.6803799669870156,3.6357798948820554,3.162889738336553,-2.1978749954951815,,
HDFCBANK,15,AttentionForecaster,dl_multivariate,49.38393873659197,,51.26441849050533,5.563507094299034,,,,,,Close
HDFCBANK,15,original/XGBoost,classical,46.765979083476054,,51.31737847813713,5.1859040730229475,,,,,Close,
RELIANCE,15,Theta,autogluon_internal,48.445948865707,2750.573227279676,52.44590763138413,3.745782045260173,3.8271154803073935,3.7774047690866874,3.286094078056235,-2.425283396104109,,
HDFCBANK,15,BiLSTM,dl_univariate,52.31705718532699,,52.83696555864324,5.902588853004607,,,,,,Close
RELIANCE,15,AutoARIMA,statsforecast,49.00511242641478,2830.4989420462066,53.2024336101856,3.788387112137306,3.8719944123127403,3.821003607593744,3.324022204319179,-2.5248147305170114,,
RELIANCE,15,Naive,autogluon_internal,49.52386474609166,2901.4579557398906,53.86518314959943,3.8278339834511357,3.9138955259791164,3.8614515197969728,3.3592092316265294,-2.6131798498304435,,
HDFCBANK,15,SeasonalNaive,autogluon_internal,52.625737508138215,3270.877031750797,57.19158182591907,5.84117196837884,6.047733390755146,5.893171223516442,5.869321079049193,-5.673372655076784,,
RELIANCE,15,original/XGBoost,classical,46.92029813547013,,57.43400388123106,3.6599459354067267,,,,,Close,
HDFCBANK,15,original/ExpSmoothing,classical,54.01485740713653,,58.09758387376722,5.998009140060563,,,,,Close,
HDFCBANK,15,original/ARIMA,classical,57.02448209021562,,61.05444827790586,6.33407025145776,,,,,Close,
TCS,15,Hybrid_ARIMA_BiLSTM_XGB,dl_multivariate,50.86247349117362,,61.43217904542899,1.282155583991166,,,,,,Close
RELIANCE,15,original/RandomForest,classical,50.31602588099213,,61.704479725556965,3.924320383453913,,,,,Close,
HDFCBANK,15,BiLSTM,dl_multivariate,67.37591641000023,,67.78080239545216,7.60421983499618,,,,,,Close
RELIANCE,15,Hybrid_ARIMA_BiLSTM_XGB,dl_multivariate,72.26471605247173,,72.85639532701536,5.930045934558056,,,,,,Close
TCS,15,XGBoostSeq,dl_multivariate,61.75479977862269,,78.92139523711226,1.540518164107434,,,,,,Close
TCS,15,XGBoostSeq,dl_univariate,70.55739679598264,,81.68082489386008,1.768804685251749,,,,,,Close
RELIANCE,15,AttentionForecaster,dl_multivariate,84.07283488184434,,85.450437318094,6.909419553409421,,,,,,Close
RELIANCE,15,original/LSTM,classical,77.36337540377694,,86.23268511984746,6.069062692496592,,,,,Close,
RELIANCE,15,WeightedEnsemble,autogluon_timeseries,87.82033284505066,8442.700824217047,91.88417069450563,6.89042339595206,6.637547170579708,6.847485741919186,5.9568629049874415,-9.513678626933244,,
RELIANCE,15,DirectTabular,autogluon_internal,87.82033284505066,8442.700824217047,91.88417069450563,6.89042339595206,6.637547170579708,6.847485741919186,5.9568629049874415,-9.513678626933244,,
TCS,15,BiLSTM,dl_multivariate,97.13561384685673,,107.01274455310643,2.4186118573826456,,,,,,Close
HDFCBANK,15,original/LSTM,classical,108.03188861211486,,109.74862560310257,12.0620024809262,,,,,Close,
RELIANCE,15,xgb_limitdepth,flaml,102.38491617838685,12315.271363228187,110.97419232969523,7.914865985978595,8.299384857375435,7.9831085923583585,6.9447802058478905,-14.336183054723218,,
HDFCBANK,15,AttentionForecaster,dl_univariate,112.55228140014773,,112.96456285896096,12.70232012974411,,,,,,Close
HDFCBANK,15,Transformer,dl_multivariate,114.53640441081924,,114.85173640406319,12.92813758712798,,,,,,Close
HDFCBANK,15,DirectTabular,autogluon_internal,121.88175862630223,15100.000079924153,122.88205759965184,13.615274618119205,14.622858890132356,13.648646206564338,13.593409022463874,-29.807617237473828,,
TCS,15,DirectTabular,autogluon_internal,113.529248046874,25585.222747615757,159.95381442033747,2.841007651538489,2.771029738159949,2.77664798251072,3.0133196627616385,-0.9959281670051974,,
TCS,15,original/RandomForest,classical,130.488190305914,,161.35805277877645,3.214868738652273,,,,,Close,
TCS,15,Transformer,dl_univariate,150.52075280369027,,168.3603277243571,3.7385967109320775,,,,,,Close
TCS,15,original/ExpSmoothing,classical,140.92842929105782,,169.19572246218098,3.41129293079496,,,,,Close,
TCS,15,original/XGBoost,classical,139.3076427949686,,171.4181346712642,3.437765493588249,,,,,Close,
TCS,15,original/ARIMA,classical,150.9563424007271,,179.75348697524652,3.6533724763970064,,,,,Close,
NIFTY50,15,Hybrid_ARIMA_BiLSTM_XGB,dl_univariate,197.87615565561208,,236.52425049464702,0.8269774258142712,,,,,,Close
TCS,15,SeasonalNaive,autogluon_internal,224.2100341796885,60880.085899793456,246.73890228294658,5.427302844735726,5.604233696685714,5.4836295472216285,5.951034787997235,-3.7493148469233963,,
TCS,15,WeightedEnsemble,autogluon_timeseries,239.30402018229267,67944.59000123778,260.6618307333043,5.787715317175002,5.992052504005514,5.852791560563528,6.3516628692500685,-4.300423698352506,,
TCS,15,RecursiveTabular,autogluon_internal,239.30402018229267,67944.59000123778,260.6618307333043,5.787715317175002,5.992052504005514,5.852791560563528,6.3516628692500685,-4.300423698352506,,
TCS,15,arima,flaml,245.77180659743055,72331.32987159266,268.9448454081109,5.94016872021302,6.157561548669936,6.010977811330274,6.523332358078451,-4.642637551830955,,
TCS,15,ETS,autogluon_internal,246.47340905665789,72747.53371749588,269.7175072506341,5.957061591019078,6.175700482425505,6.028137293018497,6.541954453460945,-4.675106019565188,,
TCS,15,AutoARIMA,statsforecast,251.30282645731157,76001.76996329479,275.68418518894913,6.072625305531855,6.301186056345101,6.14625304127652,6.67013797148323,-4.928972161327998,,
TCS,15,Theta,autogluon_internal,254.20782346357262,77411.02391546572,278.22836648240184,6.144068943648535,6.376985924774854,6.217302169280116,6.7472430765537394,-5.038909435876974,,
TCS,15,Naive,autogluon_internal,254.654882812501,77667.81853558267,278.68946613674274,6.1547664447812975,6.3884729748909725,6.228236148502388,6.759109029598642,-5.058942234515579,,
BANKNIFTY,15,XGBoostSeq,dl_univariate,263.86075427551987,,306.51698444106114,0.51416484003912,,,,,,Close
NIFTY50,15,XGBoostSeq,dl_multivariate,358.85614798092064,,386.2095210901614,1.5092826634707746,,,,,,Close
BANKNIFTY,15,XGBoostSeq,dl_multivariate,314.39463043323485,,399.2911372313515,0.6136409076820292,,,,,,Close
TCS,15,BiLSTM,dl_univariate,397.4932948745103,,401.48122024627327,9.94051492734204,,,,,,Close
TCS,15,AttentionForecaster,dl_multivariate,407.8927064187803,,419.4493261686272,10.180405711755043,,,,,,Close
TCS,15,Hybrid_ARIMA_BiLSTM_XGB,dl_univariate,423.69200424223334,,426.1928263573753,10.638461264449536,,,,,,Close
HDFCBANK,15,decomposition+model/ExpSmoothing,classical,433.5991968296883,,434.1232662295339,48.561506180630445,,,,,Close,
HDFCBANK,15,decomposition+model/ARIMA,classical,434.3023781834482,,434.8248491961879,48.640227112294774,,,,,Close,
HDFCBANK,15,decomposition+model/RandomForest,classical,435.66698273585877,,436.38436157606446,48.78346230521115,,,,,Close,
HDFCBANK,15,decomposition+model/XGBoost,classical,436.77197224177604,,437.4853603340123,48.90742249036478,,,,,Close,
NIFTY50,15,XGBoostSeq,dl_univariate,431.93405139369787,,443.97270175352946,1.8139412441504312,,,,,,Close
HDFCBANK,15,decomposition+model/LSTM,classical,473.8305776894484,,474.41834632106094,53.06629122382949,,,,,Close,
NIFTY50,15,original/XGBoost,classical,439.83815020444257,,533.7537877005169,1.8253380833175397,,,,,Close,
RELIANCE,15,decomposition+model/ARIMA,classical,536.2771528036072,,537.3107805889659,42.56738171455142,,,,,Close,
RELIANCE,15,decomposition+model/ExpSmoothing,classical,538.4307669623983,,539.397808480658,42.74138690461746,,,,,Close,
TCS,15,AttentionForecaster,dl_univariate,544.504428333493,,549.7059551702921,13.61498188228945,,,,,,Close
NIFTY50,15,RecursiveTabular,autogluon_internal,526.3332682291667,312330.9614383062,558.865781237594,2.1620845277006957,2.187394457657181,2.173471079969251,2.939470079896652,-0.9065169798808745,,
RELIANCE,15,decomposition+model/RandomForest,classical,564.9446533575481,,566.1776089386894,44.852342650184426,,,,,Close,
RELIANCE,15,decomposition+model/XGBoost,classical,566.0097805413095,,567.1373128411994,44.93727608373971,,,,,Close,
NIFTY50,15,WeightedEnsemble,autogluon_timeseries,462.9177734375,324119.9538455327,569.3153377922755,1.9331042847952233,1.9091503728497317,1.9115994631220792,2.585306737402436,-0.9784788311701638,,
NIFTY50,15,DirectTabular,autogluon_internal,462.9177734375,324119.9538455327,569.3153377922755,1.9331042847952233,1.9091503728497317,1.9115994631220792,2.585306737402436,-0.9784788311701638,,
TCS,15,Transformer,dl_multivariate,585.1237523351047,,591.9001241944463,14.626911045118336,,,,,,Close
RELIANCE,15,decomposition+model/LSTM,classical,660.3270627931407,,661.2853041024306,52.426865998851525,,,,,Close,
NIFTY50,15,original/ExpSmoothing,classical,544.9889283656686,,670.5291019198751,2.231668095418784,,,,,Close,
NIFTY50,15,original/RandomForest,classical,574.9104964827483,,683.1720753837368,2.3680035526169485,,,,,Close,
NIFTY50,15,original/ARIMA,classical,612.9406900855082,,731.3667244995302,2.512380514457343,,,,,Close,
NIFTY50,15,ETS,autogluon_internal,690.37497720367,576016.7184612734,758.9576526139475,2.8300507560734007,2.8785295845532497,2.850874413344669,3.85561147640765,-2.516096032825104,,
TCS,15,original/LSTM,classical,780.3895156820229,,792.3344700051275,19.11878073698037,,,,,Close,
NIFTY50,15,Theta,autogluon_internal,723.5886477910165,635071.7998087899,796.913922458875,2.9659559172386385,3.0195672873332398,2.9880288682095504,4.041103439063789,-2.8765774747506945,,
NIFTY50,15,Naive,autogluon_internal,731.4735026041667,650682.865476799,806.649158852099,2.998059607759002,3.052997364562145,3.0205890443196357,4.085138836798695,-2.9718698582948524,,
NIFTY50,15,AutoARIMA,statsforecast,738.0230849809516,663054.9086445384,814.2818361258824,3.02478767406823,3.08084074487511,3.0476352690998256,4.121716994772922,-3.047390742508483,,
NIFTY50,15,SeasonalNaive,autogluon_internal,741.8684244791667,664136.4181712469,814.9456535077949,3.041329819480841,3.0972724960476294,3.063514436723323,4.1431924763439,-3.053992445609186,,
BANKNIFTY,15,BiLSTM,dl_univariate,612.0739412777824,,827.3524722112027,1.1942259551754726,,,,,,Close
NIFTY50,15,BiLSTM,dl_univariate,817.5776936038826,,841.6248606363816,3.42324916359258,,,,,,Close
BANKNIFTY,15,BiLSTM,dl_multivariate,816.916794582957,,885.7063879146937,1.5875721919227026,,,,,,Close
NIFTY50,15,BiLSTM,dl_multivariate,1077.5549142825846,,1091.1145638983492,4.514332105683972,,,,,,Close
BANKNIFTY,15,AttentionForecaster,dl_multivariate,1131.4716674583149,,1213.0050078947174,2.2078401786307595,,,,,,Close
BANKNIFTY,15,DirectTabular,autogluon_internal,1011.7671875,1489742.0312438966,1220.549888879556,1.9139201641527093,1.940850611186357,1.9337037830463737,1.9182028999949847,-0.42443547544267224,,
NIFTY50,15,xgb_limitdepth,flaml,1344.7585286458334,2377963.2074778876,1542.0645925115743,5.509313469057379,5.7157621640679865,5.55312374873695,7.510217761722749,-13.51545889562439,,
BANKNIFTY,15,original/RandomForest,classical,1270.164704868648,,1567.809115869451,2.4188254577520407,,,,,Close,
BANKNIFTY,15,original/XGBoost,classical,1346.63208315972,,1638.3721864047498,2.5589703738915732,,,,,Close,
BANKNIFTY,15,RecursiveTabular,autogluon_internal,1588.7354166666667,3185552.2655904135,1784.8115490410783,3.0070845993394713,3.06479086741193,3.03641363687542,3.012073252844781,-2.045905640585955,,
TCS,15,decomposition+model/ExpSmoothing,classical,1863.4420975958726,,1867.7465016000647,45.80664698977813,,,,,Close,
TCS,15,decomposition+model/ARIMA,classical,1869.759277136939,,1873.9655956010308,45.9628144345062,,,,,Close,
BANKNIFTY,15,arima,flaml,1661.1066341093358,3524111.155022629,1877.2616107039075,3.143239790447537,3.2069743658350776,3.174730532977134,3.149281378280946,-2.3696229570874237,,
TCS,15,decomposition+model/RandomForest,classical,1915.4028866165977,,1920.0689782175216,47.080820421016675,,,,,Close,
BANKNIFTY,15,AutoARIMA,statsforecast,1697.62041640047,3724206.177556932,1929.820244882132,3.2115316696530636,3.2788262779683337,3.244516191004019,3.2185076231581937,-2.5609463154808063,,
TCS,15,decomposition+model/XGBoost,classical,1944.3674252063975,,1948.7125628137287,47.79693453813403,,,,,Close,
BANKNIFTY,15,Theta,autogluon_internal,1743.3003993742716,3896658.82762394,1973.9956503558817,3.298533101501001,3.369091388649329,3.331820421638533,3.3051120089246253,-2.725839073715222,,
NIFTY50,15,Transformer,dl_univariate,1965.5810477772982,,1980.1983242031822,8.235543884640995,,,,,,Close
BANKNIFTY,15,Naive,autogluon_internal,1746.9802083333334,3923144.958943685,1980.6930501578697,3.305195179169288,3.376223817175287,3.3388533246550938,3.3120885350503055,-2.7511641194398004,,
BANKNIFTY,15,ETS,autogluon_internal,1746.9994739561166,3923234.0855519455,1980.7155488741803,3.3052315184479606,3.3762618527404404,3.338890145386305,3.312125060620565,-2.7512493389609993,,
BANKNIFTY,15,WeightedEnsemble,autogluon_timeseries,1815.5644349563925,4229765.391473888,2056.6393440450097,3.434974472151691,3.5119092416888757,3.46993247024986,3.4421169289610987,-3.0443430809187317,,
BANKNIFTY,15,original/ExpSmoothing,classical,1752.5557073051643,,2058.7863737355433,3.3220837620935426,,,,,Close,
BANKNIFTY,15,original/ARIMA,classical,1925.9492965324523,,2205.755777446805,3.654997899528379,,,,,Close,
BANKNIFTY,15,SeasonalNaive,autogluon_internal,2025.9966145833334,5068540.090766398,2251.3418422723807,3.8372212649903132,3.929704087366994,3.8721134332683995,3.841073944171343,-3.846348000239159,,
TCS,15,decomposition+model/LSTM,classical,2310.0208767293952,,2313.861547563456,56.80243718515269,,,,,Close,
NIFTY50,15,AttentionForecaster,dl_multivariate,2782.46831321019,,2801.2272927838394,11.659088362804193,,,,,,Close
NIFTY50,15,AttentionForecaster,dl_univariate,3030.3801379845363,,3039.853390894207,12.702269968330288,,,,,,Close
BANKNIFTY,15,Transformer,dl_univariate,3699.772172096162,,3750.8073976251158,7.182970615000291,,,,,,Close
NIFTY50,15,Hybrid_ARIMA_BiLSTM_XGB,dl_multivariate,4120.239276200429,,4124.397695791627,17.290943205196395,,,,,,Close
BANKNIFTY,15,Transformer,dl_multivariate,4670.006575043639,,4702.950794300205,9.071713989636,,,,,,Close
BANKNIFTY,15,Hybrid_ARIMA_BiLSTM_XGB,dl_univariate,5442.771925575895,,5464.976098080458,10.58958847056803,,,,,,Close
BANKNIFTY,15,original/LSTM,classical,6473.453346450258,,6591.463811528688,12.379800241828612,,,,,Close,
NIFTY50,15,Transformer,dl_multivariate,6913.891532043269,,6917.104512926191,28.99445557202641,,,,,,Close
BANKNIFTY,15,AttentionForecaster,dl_univariate,7144.884553327121,,7171.068231834813,13.88450000438958,,,,,,Close
BANKNIFTY,15,Hybrid_ARIMA_BiLSTM_XGB,dl_multivariate,7424.202746840984,,7435.749886007662,14.44359301884657,,,,,,Close
NIFTY50,15,decomposition+model/ExpSmoothing,classical,9395.5315869152,,9405.599429583426,38.922305966195715,,,,,Close,
NIFTY50,15,decomposition+model/ARIMA,classical,9411.564250056857,,9421.371125966856,38.98901244678933,,,,,Close,
NIFTY50,15,decomposition+model/RandomForest,classical,9634.945702163835,,9646.634579793588,39.91225292465847,,,,,Close,
NIFTY50,15,decomposition+model/XGBoost,classical,9749.625842418103,,9760.653630766874,40.388252467439706,,,,,Close,
NIFTY50,15,decomposition+model/LSTM,classical,12626.039795912404,,12634.356447654167,52.31413717822222,,,,,Close,
BANKNIFTY,15,decomposition+model/RandomForest,classical,22374.23940574189,,22406.85364438475,42.90902809045337,,,,,Close,
BANKNIFTY,15,decomposition+model/XGBoost,classical,22418.285659512283,,22451.018209808983,42.99358373254206,,,,,Close,
BANKNIFTY,15,decomposition+model/ExpSmoothing,classical,22587.71801180098,,22613.33560145909,43.323199167638286,,,,,Close,
BANKNIFTY,15,decomposition+model/ARIMA,classical,22595.91800490144,,22621.436908052867,43.33900756590553,,,,,Close,
BANKNIFTY,15,decomposition+model/LSTM,classical,27965.2514103767,,27990.626271797082,53.643599696281655,,,,,Close,
NIFTY50,15,original/LSTM,classical,37622.47845842397,,39714.68273892011,155.52798552012598,,,,,Close,
HDFCBANK,30,Hybrid_ARIMA_BiLSTM_XGB,dl_multivariate,6.348256728070237,,8.46776245326335,0.715394247148597,,,,,,Close
RELIANCE,30,Hybrid_ARIMA_BiLSTM_XGB,dl_univariate,7.090871595921681,,10.09605452046412,0.5829218344557021,,,,,,Close
HDFCBANK,30,Hybrid_ARIMA_BiLSTM_XGB,dl_univariate,10.635730534626452,,11.998384537566908,1.2057274393918422,,,,,,Close
RELIANCE,30,BiLSTM,dl_univariate,11.73732168156621,,15.376903551022865,0.9667986495626439,,,,,,Close
RELIANCE,30,XGBoostSeq,dl_multivariate,14.577267385620189,,17.116643662116363,1.196148883917435,,,,,,Close
HDFCBANK,30,Transformer,dl_univariate,15.55142576950575,,18.21453678879266,1.7461030083380662,,,,,,Close
RELIANCE,30,XGBoostSeq,dl_univariate,15.572372194651416,,18.291877566392337,1.274878650801214,,,,,,Close
RELIANCE,30,Transformer,dl_univariate,19.72473574636515,,22.251812122853263,1.6265257089560825,,,,,,Close
RELIANCE,30,Transformer,dl_multivariate,25.04236043307178,,27.450827893670965,2.064028566362438,,,,,,Close
HDFCBANK,30,XGBoostSeq,dl_multivariate,32.76034492873951,,33.98914934638148,3.692772283786387,,,,,,Close
RELIANCE,30,RecursiveTabular,autogluon_internal,29.78120320638158,1194.5080901431324,34.561656357054595,2.3471040741211984,2.368768728739466,2.3692902207604294,2.0200623124373123,0.1068159248598054,,
RELIANCE,30,original/ARIMA,classical,30.426802571614818,,35.71064225643307,2.4304134976924234,,,,,Close,
HDFCBANK,30,WeightedEnsemble,autogluon_timeseries,29.99892060003401,1276.4331539261277,35.72720467551481,3.3105842345888306,3.38933929962555,3.35629708493683,3.345763980966046,-2.28486404633413,,
HDFCBANK,30,ETS,autogluon_internal,29.99892060003401,1276.4331539261277,35.72720467551481,3.3105842345888306,3.38933929962555,3.35629708493683,3.345763980966046,-2.28486404633413,,
RELIANCE,30,original/ExpSmoothing,classical,31.732231873102684,,37.87898484903497,2.5434273604346194,,,,,Close,
HDFCBANK,30,XGBoostSeq,dl_univariate,37.06562721548744,,38.076429998371445,4.176980939502669,,,,,,Close
RELIANCE,30,SeasonalNaive,autogluon_internal,32.877846272787,1498.0638920244467,38.70483034486066,2.6100253756785072,2.6170331672744873,2.6156485053326186,2.2301079546555376,-0.12016555010392915,,
HDFCBANK,30,AutoARIMA,statsforecast,33.86473812495532,1525.6496706752416,39.05956567443168,3.742704579219358,3.8372165392114512,3.7888070496379065,3.7769165948989083,-2.926215591539427,,
HDFCBANK,30,Naive,autogluon_internal,34.354774983724056,1565.27384501063,39.56354186635254,3.7971209393749046,3.8941783032011337,3.8436326649500536,3.8315701503809114,-3.028187265684398,,
HDFCBANK,30,arima,flaml,35.209221975404134,1610.1747806466042,40.126983198922446,3.8938849573912004,3.9938431902016993,3.939228702742348,3.9268661780788134,-3.143738533421142,,
HDFCBANK,30,Theta,autogluon_internal,35.103500819893014,1612.9942990806737,40.16210028223964,3.8813743989036573,3.981503418840714,3.9274005569637387,3.915075152699893,-3.1509944830990104,,
RELIANCE,30,Theta,autogluon_internal,35.75895109251399,1680.5456795279704,40.99445913203357,2.8103051532030134,2.848283281319293,2.8448593074301707,2.425533613725782,-0.2566148784477278,,
RELIANCE,30,ETS,autogluon_internal,36.47075860198531,1700.7614051893286,41.24028861670743,2.8768186379111755,2.905215827922491,2.901488267635944,2.473815595942161,-0.2717310290850705,,
RELIANCE,30,AutoARIMA,statsforecast,35.923775730552094,1715.245860893108,41.415526809315224,2.822547307564131,2.8615053753901893,2.857972189416093,2.436713687182,-0.2825616674695617,,
RELIANCE,30,Naive,autogluon_internal,36.10164184570299,1747.6892912413116,41.80537395169802,2.835055020123226,2.8758674806586804,2.8721226065201737,2.44877836547542,-0.30682098858178875,,
HDFCBANK,30,RecursiveTabular,autogluon_internal,31.67993774414057,1775.600658533345,42.13787676821585,3.5748064198578575,3.468657338994451,3.5443702831600787,3.5332469470075565,-3.5694572770404136,,
HDFCBANK,30,original/RandomForest,classical,38.60226520843431,,43.55731762720922,4.274445028576591,,,,,Close,
RELIANCE,30,AttentionForecaster,dl_univariate,41.79696220187493,,43.67537079797936,3.4164861213225066,,,,,,Close
RELIANCE,30,BiLSTM,dl_multivariate,48.65835190192725,,49.56211127885103,3.98477879882849,,,,,,Close
HDFCBANK,30,AttentionForecaster,dl_multivariate,49.38393873659197,,51.26441849050533,5.563507094299034,,,,,,Close
HDFCBANK,30,original/XGBoost,classical,46.765979083476054,,51.31737847813713,5.1859040730229475,,,,,Close,
HDFCBANK,30,BiLSTM,dl_univariate,52.31705718532699,,52.83696555864324,5.902588853004607,,,,,,Close
RELIANCE,30,original/XGBoost,classical,46.92029813547013,,57.43400388123106,3.6599459354067267,,,,,Close,
HDFCBANK,30,SeasonalNaive,autogluon_internal,53.44056294759129,3336.239226357948,57.760187208473866,5.934225805227282,6.145371500161737,5.978961977657972,5.960198135675485,-7.585715790070324,,
HDFCBANK,30,original/ExpSmoothing,classical,54.01485740713653,,58.09758387376722,5.998009140060563,,,,,Close,
HDFCBANK,30,original/ARIMA,classical,57.02448209021562,,61.05444827790586,6.33407025145776,,,,,Close,
TCS,30,Hybrid_ARIMA_BiLSTM_XGB,dl_multivariate,50.86247349117362,,61.43217904542899,1.282155583991166,,,,,,Close
RELIANCE,30,original/RandomForest,classical,50.31602588099213,,61.704479725556965,3.924320383453913,,,,,Close,
HDFCBANK,30,BiLSTM,dl_multivariate,67.37591641000023,,67.78080239545216,7.60421983499618,,,,,,Close
RELIANCE,30,Hybrid_ARIMA_BiLSTM_XGB,dl_multivariate,72.26471605247173,,72.85639532701536,5.930045934558056,,,,,,Close
TCS,30,XGBoostSeq,dl_multivariate,61.75479977862269,,78.92139523711226,1.540518164107434,,,,,,Close
TCS,30,XGBoostSeq,dl_univariate,70.55739679598264,,81.68082489386008,1.768804685251749,,,,,,Close
RELIANCE,30,AttentionForecaster,dl_multivariate,84.07283488184434,,85.450437318094,6.909419553409421,,,,,,Close
RELIANCE,30,original/LSTM,classical,77.36337540377694,,86.23268511984746,6.069062692496592,,,,,Close,
TCS,30,BiLSTM,dl_multivariate,97.13561384685673,,107.01274455310643,2.4186118573826456,,,,,,Close
RELIANCE,30,xgb_limitdepth,flaml,102.21714477539156,11470.28570970036,107.0994197449284,8.0945214408181,8.46860143580593,8.132044895301375,6.933400252998205,-7.576816362947264,,
HDFCBANK,30,original/LSTM,classical,108.03188861211486,,109.74862560310257,12.0620024809262,,,,,Close,
HDFCBANK,30,AttentionForecaster,dl_univariate,112.55228140014773,,112.96456285896096,12.70232012974411,,,,,,Close
HDFCBANK,30,Transformer,dl_multivariate,114.53640441081924,,114.85173640406319,12.92813758712798,,,,,,Close
HDFCBANK,30,DirectTabular,autogluon_internal,124.99527791341158,15945.368287704041,126.27497094715184,13.950733703467463,15.015403931863776,13.984546060339806,13.940658205984223,-40.034947135873885,,
RELIANCE,30,WeightedEnsemble,autogluon_timeseries,121.59908650716052,16493.733772026953,128.42793221113138,9.769764767709564,9.260167563452685,9.674005597365571,8.248079507656819,-11.333060333656867,,
RELIANCE,30,DirectTabular,autogluon_internal,121.59908650716052,16493.733772026953,128.42793221113138,9.769764767709564,9.260167563452685,9.674005597365571,8.248079507656819,-11.333060333656867,,
TCS,30,original/RandomForest,classical,130.488190305914,,161.35805277877645,3.214868738652273,,,,,Close,
TCS,30,Transformer,dl_univariate,150.52075280369027,,168.3603277243571,3.7385967109320775,,,,,,Close
TCS,30,original/ExpSmoothing,classical,140.92842929105782,,169.19572246218098,3.41129293079496,,,,,Close,
TCS,30,original/XGBoost,classical,139.3076427949686,,171.4181346712642,3.437765493588249,,,,,Close,
TCS,30,DirectTabular,autogluon_internal,140.85745442708168,31590.254806708606,177.73647573502916,3.533243703632795,3.4407654510919103,3.461854161352783,3.73867126202078,-1.2792740409551606,,
TCS,30,original/ARIMA,classical,150.9563424007271,,179.75348697524652,3.6533724763970064,,,,,Close,
TCS,30,SeasonalNaive,autogluon_internal,193.75874023437675,50399.063067664036,224.49735648257428,4.694829296829652,4.842903256285127,4.762009251885833,5.142789473414894,-2.63635168001854,,
TCS,30,WeightedEnsemble,autogluon_timeseries,198.86931966145974,54833.57929532157,234.1657090509231,4.806696126081465,4.970321966989681,4.887611980747654,5.278435659227522,-2.9563072417491716,,
TCS,30,RecursiveTabular,autogluon_internal,198.86931966145974,54833.57929532157,234.1657090509231,4.806696126081465,4.970321966989681,4.887611980747654,5.278435659227522,-2.9563072417491716,,
NIFTY50,30,Hybrid_ARIMA_BiLSTM_XGB,dl_univariate,197.87615565561208,,236.52425049464702,0.8269774258142712,,,,,,Close
TCS,30,ETS,autogluon_internal,218.92988712569095,62242.00135723398,249.48346910613932,5.299893770754678,5.486548236256616,5.380640619080019,5.810887898858019,-3.490833607347544,,
TCS,30,arima,flaml,228.69332060174838,65086.76605280904,255.12108116110093,5.544550300708161,5.740237686321904,5.6205965585484385,6.070031217215259,-3.696086726162938,,
TCS,30,AutoARIMA,statsforecast,231.46192567310766,67448.16470270901,259.70784490020515,5.609239867543371,5.81203696349555,5.688640575291544,6.143516175879866,-3.8664644162447726,,
TCS,30,Naive,autogluon_internal,234.78322753906426,68982.95184817958,262.64605812419796,5.690979379427505,5.898534073247486,5.770268223132665,6.231670941200973,-3.9772011140165118,,
TCS,30,Theta,autogluon_internal,235.83645686368624,69611.86480847604,263.84060492743725,5.716625163446016,5.926138818725059,5.796153444011685,6.259625998491322,-4.022577923833176,,
BANKNIFTY,30,XGBoostSeq,dl_univariate,263.86075427551987,,306.51698444106114,0.51416484003912,,,,,,Close
NIFTY50,30,XGBoostSeq,dl_multivariate,358.85614798092064,,386.2095210901614,1.5092826634707746,,,,,,Close
BANKNIFTY,30,XGBoostSeq,dl_multivariate,314.39463043323485,,399.2911372313515,0.6136409076820292,,,,,,Close
TCS,30,BiLSTM,dl_univariate,397.4932948745103,,401.48122024627327,9.94051492734204,,,,,,Close
TCS,30,AttentionForecaster,dl_multivariate,407.8927064187803,,419.4493261686272,10.180405711755043,,,,,,Close
TCS,30,Hybrid_ARIMA_BiLSTM_XGB,dl_univariate,423.69200424223334,,426.1928263573753,10.638461264449536,,,,,,Close
HDFCBANK,30,decomposition+model/ExpSmoothing,classical,433.5991968296883,,434.1232662295339,48.561506180630445,,,,,Close,
HDFCBANK,30,decomposition+model/ARIMA,classical,434.3023781834482,,434.8248491961879,48.640227112294774,,,,,Close,
HDFCBANK,30,decomposition+model/RandomForest,classical,435.66698273585877,,436.38436157606446,48.78346230521115,,,,,Close,
HDFCBANK,30,decomposition+model/XGBoost,classical,436.77197224177604,,437.4853603340123,48.90742249036478,,,,,Close,
NIFTY50,30,XGBoostSeq,dl_univariate,431.93405139369787,,443.97270175352946,1.8139412441504312,,,,,,Close
HDFCBANK,30,decomposition+model/LSTM,classical,473.8305776894484,,474.41834632106094,53.06629122382949,,,,,Close,
NIFTY50,30,RecursiveTabular,autogluon_internal,469.47942708333335,282342.3864450455,531.358999589774,1.9296492377778978,1.952687496700718,1.9453077640566678,2.6219523110927807,-0.6140077834315469,,
NIFTY50,30,original/XGBoost,classical,439.83815020444257,,533.7537877005169,1.8253380833175397,,,,,Close,
RELIANCE,30,decomposition+model/ARIMA,classical,536.2771528036072,,537.3107805889659,42.56738171455142,,,,,Close,
RELIANCE,30,decomposition+model/ExpSmoothing,classical,538.4307669623983,,539.397808480658,42.74138690461746,,,,,Close,
TCS,30,AttentionForecaster,dl_univariate,544.504428333493,,549.7059551702921,13.61498188228945,,,,,,Close
RELIANCE,30,decomposition+model/RandomForest,classical,564.9446533575481,,566.1776089386894,44.852342650184426,,,,,Close,
RELIANCE,30,decomposition+model/XGBoost,classical,566.0097805413095,,567.1373128411994,44.93727608373971,,,,,Close,
NIFTY50,30,WeightedEnsemble,autogluon_timeseries,503.33502604166665,349422.5025108973,591.1197023538441,2.1066018341206454,2.0792873519839983,2.0855898631458456,2.811029320246743,-0.9974706804020288,,
NIFTY50,30,DirectTabular,autogluon_internal,503.33502604166665,349422.5025108973,591.1197023538441,2.1066018341206454,2.0792873519839983,2.0855898631458456,2.811029320246743,-0.9974706804020288,,
TCS,30,Transformer,dl_multivariate,585.1237523351047,,591.9001241944463,14.626911045118336,,,,,,Close
RELIANCE,30,decomposition+model/LSTM,classical,660.3270627931407,,661.2853041024306,52.426865998851525,,,,,Close,
NIFTY50,30,original/ExpSmoothing,classical,544.9889283656686,,670.5291019198751,2.231668095418784,,,,,Close,
NIFTY50,30,ETS,autogluon_internal,557.555975776778,466493.38410310785,683.0032094383656,2.2833587341950694,2.3226276999266107,2.310256650249844,3.1138428968731504,-1.666705351405981,,
NIFTY50,30,original/RandomForest,classical,574.9104964827483,,683.1720753837368,2.3680035526169485,,,,,Close,
NIFTY50,30,original/ARIMA,classical,612.9406900855082,,731.3667244995302,2.512380514457343,,,,,Close,
NIFTY50,30,Theta,autogluon_internal,627.0430691245136,546419.7109834086,739.2020772315299,2.5712225643819284,2.6174427910645526,2.598179345884997,3.5019149496276065,-2.123603500175465,,
NIFTY50,30,Naive,autogluon_internal,632.3009114583333,553700.044910113,744.1102370684823,2.5928821580846173,2.6397175370343104,2.6199654368702996,3.531278987886248,-2.1652214654113324,,
NIFTY50,30,SeasonalNaive,autogluon_internal,639.0458333333333,561068.8315497716,749.0452800397127,2.6210958324113425,2.668488551822769,2.6479133045178935,3.568948079390778,-2.2073450698074093,,
NIFTY50,30,AutoARIMA,statsforecast,639.9137187288255,564549.1417157167,751.3648525954063,2.6242877887051406,2.6720840660595857,2.6515094241788786,3.5737950524149453,-2.2272402324406846,,
TCS,30,original/LSTM,classical,780.3895156820229,,792.3344700051275,19.11878073698037,,,,,Close,
BANKNIFTY,30,BiLSTM,dl_univariate,612.0739412777824,,827.3524722112027,1.1942259551754726,,,,,,Close
NIFTY50,30,BiLSTM,dl_univariate,817.5776936038826,,841.6248606363816,3.42324916359258,,,,,,Close
BANKNIFTY,30,BiLSTM,dl_multivariate,816.916794582957,,885.7063879146937,1.5875721919227026,,,,,,Close
BANKNIFTY,30,DirectTabular,autogluon_internal,848.3960286458333,1123803.1865332285,1060.095838371809,1.6087201612993276,1.6264990613146724,1.627388284539168,1.6084685712271785,-0.026794825917253906,,
NIFTY50,30,BiLSTM,dl_multivariate,1077.5549142825846,,1091.1145638983492,4.514332105683972,,,,,,Close
BANKNIFTY,30,AttentionForecaster,dl_multivariate,1131.4716674583149,,1213.0050078947174,2.2078401786307595,,,,,,Close
BANKNIFTY,30,original/RandomForest,classical,1270.164704868648,,1567.809115869451,2.4188254577520407,,,,,Close,
BANKNIFTY,30,RecursiveTabular,autogluon_internal,1334.1460286458334,2601318.404471461,1612.8603177186365,2.527422059711154,2.571344219803102,2.5591510846039713,2.5293988703950037,-1.3767687352038362,,
BANKNIFTY,30,original/XGBoost,classical,1346.63208315972,,1638.3721864047498,2.5589703738915732,,,,,Close,
BANKNIFTY,30,arima,flaml,1467.240235537219,3056065.1621439783,1748.16050811817,2.7792201994298447,2.8345306407978725,2.8144516113883706,2.7817313207706866,-1.792261077169163,,
BANKNIFTY,30,AutoARIMA,statsforecast,1476.8209161458467,3186104.07810009,1784.9661279979769,2.7956656198956265,2.8532853377139578,2.832829216721199,2.7998952714842944,-1.9110748407103788,,
BANKNIFTY,30,Naive,autogluon_internal,1531.2268880208333,3362111.4832027433,1833.6061417880187,2.8997474012579785,2.960651245546931,2.9371904327674874,2.9030432034561886,-2.071889025122894,,
BANKNIFTY,30,ETS,autogluon_internal,1531.2496564841229,3362190.6060576965,1833.6277174109516,2.899790869919333,2.960696202786499,2.937234107100185,2.903086370039223,-2.07196131797546,,
BANKNIFTY,30,Theta,autogluon_internal,1556.4680865189837,3425490.112639542,1850.8079621180427,2.948547655689846,3.010647519137198,2.985607951634452,2.950897829260113,-2.1297967171095884,,
TCS,30,decomposition+model/ExpSmoothing,classical,1863.4420975958726,,1867.7465016000647,45.80664698977813,,,,,Close,
TCS,30,decomposition+model/ARIMA,classical,1869.759277136939,,1873.9655956010308,45.9628144345062,,,,,Close,
BANKNIFTY,30,WeightedEnsemble,autogluon_timeseries,1571.169771984009,3593405.3262275397,1895.6279503709422,2.9744743851133038,3.0397544464412767,3.013808638437466,2.978770660126972,-2.283217240000986,,
TCS,30,decomposition+model/RandomForest,classical,1915.4028866165977,,1920.0689782175216,47.080820421016675,,,,,Close,
TCS,30,decomposition+model/XGBoost,classical,1944.3674252063975,,1948.7125628137287,47.79693453813403,,,,,Close,
NIFTY50,30,Transformer,dl_univariate,1965.5810477772982,,1980.1983242031822,8.235543884640995,,,,,,Close
NIFTY50,30,xgb_limitdepth,flaml,1871.0581380208334,4096430.7316731135,2023.9641132374638,7.733195515515298,8.099928428320911,7.752808137953342,10.44949986339207,-22.417210460164025,,
BANKNIFTY,30,original/ExpSmoothing,classical,1752.5557073051643,,2058.7863737355433,3.3220837620935426,,,,,Close,
BANKNIFTY,30,SeasonalNaive,autogluon_internal,1835.6034505208333,4472956.631486638,2114.9365549554054,3.4826931296275463,3.5643437860654195,3.521043769152664,3.480108769617381,-3.086844369903332,,
BANKNIFTY,30,original/ARIMA,classical,1925.9492965324523,,2205.755777446805,3.654997899528379,,,,,Close,
TCS,30,decomposition+model/LSTM,classical,2310.0208767293952,,2313.861547563456,56.80243718515269,,,,,Close,
NIFTY50,30,AttentionForecaster,dl_multivariate,2782.46831321019,,2801.2272927838394,11.659088362804193,,,,,,Close
NIFTY50,30,AttentionForecaster,dl_univariate,3030.3801379845363,,3039.853390894207,12.702269968330288,,,,,,Close
BANKNIFTY,30,Transformer,dl_univariate,3699.772172096162,,3750.8073976251158,7.182970615000291,,,,,,Close
NIFTY50,30,Hybrid_ARIMA_BiLSTM_XGB,dl_multivariate,4120.239276200429,,4124.397695791627,17.290943205196395,,,,,,Close
BANKNIFTY,30,Transformer,dl_multivariate,4670.006575043639,,4702.950794300205,9.071713989636,,,,,,Close
BANKNIFTY,30,Hybrid_ARIMA_BiLSTM_XGB,dl_univariate,5442.771925575895,,5464.976098080458,10.58958847056803,,,,,,Close
BANKNIFTY,30,original/LSTM,classical,6473.453346450258,,6591.463811528688,12.379800241828612,,,,,Close,
NIFTY50,30,Transformer,dl_multivariate,6913.891532043269,,6917.104512926191,28.99445557202641,,,,,,Close
BANKNIFTY,30,AttentionForecaster,dl_univariate,7144.884553327121,,7171.068231834813,13.88450000438958,,,,,,Close
BANKNIFTY,30,Hybrid_ARIMA_BiLSTM_XGB,dl_multivariate,7424.202746840984,,7435.749886007662,14.44359301884657,,,,,,Close
NIFTY50,30,decomposition+model/ExpSmoothing,classical,9395.5315869152,,9405.599429583426,38.922305966195715,,,,,Close,
NIFTY50,30,decomposition+model/ARIMA,classical,9411.564250056857,,9421.371125966856,38.98901244678933,,,,,Close,
NIFTY50,30,decomposition+model/RandomForest,classical,9634.945702163835,,9646.634579793588,39.91225292465847,,,,,Close,
NIFTY50,30,decomposition+model/XGBoost,classical,9749.625842418103,,9760.653630766874,40.388252467439706,,,,,Close,
NIFTY50,30,decomposition+model/LSTM,classical,12626.039795912404,,12634.356447654167,52.31413717822222,,,,,Close,
BANKNIFTY,30,decomposition+model/RandomForest,classical,22374.23940574189,,22406.85364438475,42.90902809045337,,,,,Close,
BANKNIFTY,30,decomposition+model/XGBoost,classical,22418.285659512283,,22451.018209808983,42.99358373254206,,,,,Close,
BANKNIFTY,30,decomposition+model/ExpSmoothing,classical,22587.71801180098,,22613.33560145909,43.323199167638286,,,,,Close,
BANKNIFTY,30,decomposition+model/ARIMA,classical,22595.91800490144,,22621.436908052867,43.33900756590553,,,,,Close,
BANKNIFTY,30,decomposition+model/LSTM,classical,27965.2514103767,,27990.626271797082,53.643599696281655,,,,,Close,
NIFTY50,30,original/LSTM,classical,37622.47845842397,,39714.68273892011,155.52798552012598,,,,,Close,
