horizon,mae,mape,model_col,mse,r2,rmse,source,stock
7,6.900152896553686e-05,97758.71723484833,decomposition+model/XGBoost,,,9.748977800524768e-05,brain_automl,BANKNIFTY
7,7.060919490806305e-05,94576.07252605207,decomposition+model/LSTM,,,9.998004808757735e-05,brain_automl,BANKNIFTY
7,6.958816997585719e-05,88274.17039121197,decomposition+model/RandomForest,,,0.00010276793975772128,brain_automl,BANKNIFTY
7,8.684105183563832e-05,162053.12041841316,original/XGBoost,,,0.00010531083352421069,brain_automl,BANKNIFTY
7,7.007730920323874e-05,10483110.060881948,original/XGBoost,,,0.00011087029887071808,brain_automl,NIFTY50
7,7.567560954529293e-05,13624465.592691546,original/RandomForest,,,0.0001116276736972499,brain_automl,NIFTY50
7,7.405409971793445e-05,13117948.198944831,original/ExpSmoothing,,,0.00011247057869645408,brain_automl,NIFTY50
7,7.62215325656609e-05,14105331.695993926,original/ARIMA,,,0.0001128355199918265,brain_automl,NIFTY50
7,6.817983687475824e-05,10450318.60858,original/LSTM,,,0.00011340449128211276,brain_automl,NIFTY50
7,0.0001006966680205526,208960.63704760242,original/ExpSmoothing,,,0.00011452714375827179,brain_automl,BANKNIFTY
7,6.231262729170593e-05,5538754.1365781035,decomposition+model/XGBoost,,,0.00011500607567677653,brain_automl,NIFTY50
7,8.801165122013757e-05,20685.301144941845,arima,1.3234597641992191e-08,0.4073815163550928,0.00011504172131010641,brain_automl,BANKNIFTY
7,6.5068694423227e-05,7563449.740621206,decomposition+model/LSTM,,,0.00011642478020752034,brain_automl,NIFTY50
7,6.32531127144303e-05,5557045.167294589,decomposition+model/RandomForest,,,0.00011694647457147751,brain_automl,NIFTY50
7,0.00010178268450805033,197976.87021673002,original/RandomForest,,,0.00011716318833037976,brain_automl,BANKNIFTY
7,6.570473219628553e-05,11074.124761062067,decomposition+model/ARIMA,,,0.00011733880439111174,brain_automl,BANKNIFTY
7,0.00010675351167903699,222806.32029835833,original/ARIMA,,,0.00011951128720694498,brain_automl,BANKNIFTY
7,7.322571452534019e-05,10232.835466453298,decomposition+model/ExpSmoothing,,,0.0001228079312145414,brain_automl,BANKNIFTY
7,6.428594100188394e-05,3743281.106417472,decomposition+model/ARIMA,,,0.00012299911839828357,brain_automl,NIFTY50
7,6.467287148387997e-05,1086883.9579251509,decomposition+model/ExpSmoothing,,,0.0001255736648575396,brain_automl,NIFTY50
7,9.664968591974176e-05,2629943.963090943,WeightedEnsemble,1.863601244022516e-08,0.3804457691571085,0.00013651378113664994,brain_automl,HDFCBANK
7,0.00011205203229189629,3108744.6328891492,DirectTabular,1.8781606993253266e-08,0.37560547826303614,0.00013704600320057957,brain_automl,HDFCBANK
7,0.00011473643824839053,3080739.3139252095,ETS,1.9822684287334262e-08,0.34099486377395516,0.00014079305482634526,brain_automl,HDFCBANK
7,0.00010284483656768875,317043.6694745792,decomposition+model/XGBoost,,,0.00014092416514523693,brain_automl,HDFCBANK
7,0.00010343188762825091,355795.6681645352,decomposition+model/LSTM,,,0.0001413797146452902,brain_automl,HDFCBANK
7,0.00011548870024345567,12583.884737420762,ETS,2.003913850302501e-08,0.1026879551265798,0.00014155966411031433,brain_automl,BANKNIFTY
7,0.00010746788312340144,340713.7999756456,decomposition+model/RandomForest,,,0.00014348567078609632,brain_automl,HDFCBANK
7,0.00010073791544879681,300202.5909702928,decomposition+model/ARIMA,,,0.00014408965678098476,brain_automl,HDFCBANK
7,0.00010906185710863151,2378385.3021011874,Theta,2.275408304285469e-08,0.24354051257647735,0.0001508445658379999,brain_automl,HDFCBANK
7,0.00011016811059341615,15421.47946498423,DirectTabular,2.383353012158123e-08,-0.06721721828111349,0.00015438111970568562,brain_automl,BANKNIFTY
7,0.000123422504145029,714579.4074358408,original/XGBoost,,,0.0001569934633113883,brain_automl,HDFCBANK
7,0.0001393260695529519,621183.637829489,original/RandomForest,,,0.00015762967122961194,brain_automl,HDFCBANK
7,9.688241524117442e-05,8323.370923510833,WeightedEnsemble,2.509934706529925e-08,-0.12389793786551984,0.00015842773452050385,brain_automl,BANKNIFTY
7,0.0001000656548821942,93485.6535568032,decomposition+model/ExpSmoothing,,,0.00016615043270389805,brain_automl,HDFCBANK
7,0.0001533799709413473,853530.5959582464,original/LSTM,,,0.00016709638760970409,brain_automl,HDFCBANK
7,0.0001141843268342575,14678.042731722417,AutoARIMA,2.8192401944485263e-08,-0.26239867222239566,0.0001679059318323366,brain_automl,BANKNIFTY
7,9.783562331303931e-05,4208.674738859144,Naive,2.9201217223501572e-08,-0.30757137766464937,0.00017088363650010955,brain_automl,BANKNIFTY
7,0.0001574418915371104,881313.8054714726,original/ExpSmoothing,,,0.00017093921595386893,brain_automl,HDFCBANK
7,0.00011951779446279242,643.1600485854985,arima,3.340457460281422e-08,0.012115171174394423,0.0001827691839529143,brain_automl,NIFTY50
7,0.00017960921350335923,1019823.4978741702,original/ARIMA,,,0.00019332445359744743,brain_automl,HDFCBANK
7,0.00016878494110440285,5947228.284647238,arima,4.031111292931088e-08,-0.34014294342456397,0.00020077627581293285,brain_automl,HDFCBANK
7,0.00018788454539067485,402448.5828085964,original/LSTM,,,0.00020092682900071492,brain_automl,BANKNIFTY
7,0.0001686699633712226,3987866.0645626914,AutoARIMA,4.197231525530076e-08,-0.3953696145085337,0.00020487146032403038,brain_automl,HDFCBANK
7,0.0001311456822612037,693.0360313991033,DirectTabular,4.220012167839446e-08,-0.24799852943399836,0.0002054266820021062,brain_automl,NIFTY50
7,0.00015295273068136874,9229.486101836652,Theta,4.255967274302505e-08,-0.9057359662653413,0.00020629995817504436,brain_automl,BANKNIFTY
7,0.00011908027814746129,342.01104477987303,ETS,4.495358465426683e-08,-0.3294276250875068,0.00021202260411160606,brain_automl,NIFTY50
7,0.00015474650616994354,5114.803374350977,original/XGBoost,,,0.00021793178362722885,brain_automl,RELIANCE
7,0.00013881303597678256,4413.011851402278,original/ExpSmoothing,,,0.0002185835328720445,brain_automl,RELIANCE
7,0.00013919564273372673,4451.591182674544,original/ARIMA,,,0.00021865835291301993,brain_automl,RELIANCE
7,0.00014896142882919576,5329.295919921615,original/RandomForest,,,0.00022019687016364267,brain_automl,RELIANCE
7,0.00013512129355109547,3934.749979291889,decomposition+model/LSTM,,,0.00022040177565513507,brain_automl,RELIANCE
7,0.00014408018570965142,489.0789326724998,AutoARIMA,4.953648950332957e-08,-0.46495942653002453,0.0002225679435662952,brain_automl,NIFTY50
7,0.00014502632795471544,222.07234840612963,Theta,5.090108191469871e-08,-0.5053149813230664,0.00022561268119212341,brain_automl,NIFTY50
7,0.00016523308757109006,834.5202566563527,RecursiveTabular,5.110190349028717e-08,-0.5112539459763681,0.0002260573013425737,brain_automl,NIFTY50
7,0.0001421319859218847,143.0615029273883,WeightedEnsemble,5.32246512303042e-08,-0.574030685770863,0.00023070468402332928,brain_automl,NIFTY50
7,0.00012909939961144341,2199.743439787603,decomposition+model/RandomForest,,,0.0002311909771953987,brain_automl,RELIANCE
7,0.00014354385839195264,139.1414197521501,Naive,5.390493635663182e-08,-0.5941489888346041,0.0002321743662780881,brain_automl,NIFTY50
7,0.0001319714870890641,2238.8467700956244,decomposition+model/XGBoost,,,0.00023439061517454174,brain_automl,RELIANCE
7,0.00018025607810362391,7086.495355094954,original/LSTM,,,0.00023820047411822704,brain_automl,RELIANCE
7,0.00018575177628859735,9794.362729419901,RecursiveTabular,5.8031078117290244e-08,-1.5985141708449375,0.00024089640536398678,brain_automl,BANKNIFTY
7,0.00018935429996597356,430.22435772468776,SeasonalNaive,6.27124082850347e-08,-0.8546153471651663,0.0002504244562438635,brain_automl,NIFTY50
7,0.00014732401217694692,792.595141493437,decomposition+model/ARIMA,,,0.0002597965437105861,brain_automl,RELIANCE
7,0.0001499195310496216,403.78883922852174,decomposition+model/ExpSmoothing,,,0.00026129385302897304,brain_automl,RELIANCE
7,0.00022358171981347425,8513472.191206573,SeasonalNaive,7.921280483459449e-08,-1.6334296851119898,0.00028144769466917737,brain_automl,HDFCBANK
7,0.00021575839144283583,9483542.157451516,RecursiveTabular,7.944769201492224e-08,-1.6412385093875468,0.0002818646696819632,brain_automl,HDFCBANK
7,0.0002288650065545528,5800.695685880719,SeasonalNaive,8.546569104031466e-08,-2.826980585134837,0.0002923451573744889,brain_automl,BANKNIFTY
7,0.00021265921847103358,941.1664159201887,DirectTabular,1.0749076480289489e-07,0.16496712000874403,0.00032785784236905925,brain_automl,RELIANCE
7,0.0002257024352685915,2276.7450004878915,original/RandomForest,,,0.000348791622062265,brain_automl,TCS
7,0.00021266174568616736,1553.1869820158156,original/XGBoost,,,0.00035146663730098346,brain_automl,TCS
7,0.00032327762536010616,8530893.34469501,Naive,1.2577825095215038e-07,-3.1814979344627545,0.0003546522958506689,brain_automl,HDFCBANK
7,0.0002075855790388171,837.7054419202435,WeightedEnsemble,1.2672386135702493e-07,0.0155564423919764,0.0003559829509358909,brain_automl,RELIANCE
7,0.00022135955495126595,1960.4031328016838,original/ExpSmoothing,,,0.00036351535364742446,brain_automl,TCS
7,0.000221119323678204,1948.5729127390907,original/ARIMA,,,0.00036380724977730703,brain_automl,TCS
7,0.00021523419719302105,1689.1584247634714,original/LSTM,,,0.00036482555214629027,brain_automl,TCS
7,0.0002110226262446386,955.1036605392081,Naive,1.3685865165227392e-07,-0.06317481553392557,0.0003699441196346739,brain_automl,RELIANCE
7,0.00020619728773034783,1262.7780378048642,decomposition+model/LSTM,,,0.0003757643030006546,brain_automl,TCS
7,0.00020241538207135763,1084.1324872279147,decomposition+model/RandomForest,,,0.00038298195332868,brain_automl,TCS
7,0.0002070480991211617,1370.7476955930435,decomposition+model/XGBoost,,,0.00038425438881781323,brain_automl,TCS
7,0.00022367163294159057,808.0866194554238,xgb_limitdepth,1.506755399273711e-07,-0.17051013899197498,0.0003881694732038715,brain_automl,RELIANCE
7,0.00024314061545934831,538.8039039216517,ETS,1.64568627255633e-07,-0.278437408324941,0.00040567058958671507,brain_automl,RELIANCE
7,0.00019774216141965536,214.4875157913311,decomposition+model/ARIMA,,,0.00040739235563136823,brain_automl,TCS
7,0.00020856617950624473,188.45023084888552,decomposition+model/ExpSmoothing,,,0.00041291978952624124,brain_automl,TCS
7,0.00025735927631481405,364.61154306936413,AutoARIMA,1.7271412378699236e-07,-0.3417150065447705,0.000415588887949368,brain_automl,RELIANCE
7,0.00029081206706468366,1456.2930057309989,RecursiveTabular,1.7924060723393982e-07,-0.3924154390787946,0.00042336816984031735,brain_automl,RELIANCE
7,0.0002996256033798669,1270.1575364112823,SeasonalNaive,1.8732270438068864e-07,-0.4552005245621291,0.00043280793012685044,brain_automl,RELIANCE
7,0.0002861045099115859,692.4450154859817,Theta,1.9092543043939606e-07,-0.4831879960638761,0.00043695014640047445,brain_automl,RELIANCE
7,0.0003421954338392704,237.05431176909593,arima,3.2247924966679507e-07,-0.025193555570121928,0.0005678725646364641,brain_automl,TCS
7,0.0003291712840592492,240.6679376032286,Theta,3.3024701012439604e-07,-0.049888037371891514,0.0005746712191543927,brain_automl,TCS
7,0.00034415279487486923,272.6917631288472,ETS,3.3646209615828824e-07,-0.06964641300642849,0.0005800535287008331,brain_automl,TCS
7,0.0003385944834819981,225.1311877411616,AutoARIMA,3.4628247443279935e-07,-0.10086637066476545,0.0005884577082788527,brain_automl,TCS
7,0.00033965858015617755,117.127727816527,DirectTabular,3.859953080096861e-07,-0.22711741192872448,0.0006212852066560785,brain_automl,TCS
7,0.0004045025640780881,186.0303434148364,RecursiveTabular,3.9573078221795787e-07,-0.2580674511298575,0.0006290713649642287,brain_automl,TCS
7,0.0004103880238726364,181.4631286972525,SeasonalNaive,4.026295273018297e-07,-0.2799992467688459,0.0006345309506256016,brain_automl,TCS
7,0.00033075485917903743,73.22307678024622,WeightedEnsemble,4.124977937051811e-07,-0.311371445543863,0.0006422599113327728,brain_automl,TCS
7,0.0003483679243978368,67.87533645818237,Naive,4.352730422540101e-07,-0.3837762221702441,0.0006597522582409325,brain_automl,TCS
15,6.900152896553686e-05,97758.71723484833,decomposition+model/XGBoost,,,9.748977800524768e-05,brain_automl,BANKNIFTY
15,7.78739521518494e-05,10815.529384105086,arima,9.554396671127982e-09,0.2635925171165907,9.774659416638506e-05,brain_automl,BANKNIFTY
15,7.060919490806305e-05,94576.07252605207,decomposition+model/LSTM,,,9.998004808757735e-05,brain_automl,BANKNIFTY
15,6.958816997585719e-05,88274.17039121197,decomposition+model/RandomForest,,,0.00010276793975772128,brain_automl,BANKNIFTY
15,8.684105183563832e-05,162053.12041841316,original/XGBoost,,,0.00010531083352421069,brain_automl,BANKNIFTY
15,7.007730920323874e-05,10483110.060881948,original/XGBoost,,,0.00011087029887071808,brain_automl,NIFTY50
15,7.567560954529293e-05,13624465.592691546,original/RandomForest,,,0.0001116276736972499,brain_automl,NIFTY50
15,7.405409971793445e-05,13117948.198944831,original/ExpSmoothing,,,0.00011247057869645408,brain_automl,NIFTY50
15,7.62215325656609e-05,14105331.695993926,original/ARIMA,,,0.0001128355199918265,brain_automl,NIFTY50
15,6.817983687475824e-05,10450318.60858,original/LSTM,,,0.00011340449128211276,brain_automl,NIFTY50
15,0.0001006966680205526,208960.63704760242,original/ExpSmoothing,,,0.00011452714375827179,brain_automl,BANKNIFTY
15,6.231262729170593e-05,5538754.1365781035,decomposition+model/XGBoost,,,0.00011500607567677653,brain_automl,NIFTY50
15,9.566056373583662e-05,7223.733531551821,ETS,1.3357479069007204e-08,-0.029530997870337305,0.00011557456064812535,brain_automl,BANKNIFTY
15,6.5068694423227e-05,7563449.740621206,decomposition+model/LSTM,,,0.00011642478020752034,brain_automl,NIFTY50
15,6.32531127144303e-05,5557045.167294589,decomposition+model/RandomForest,,,0.00011694647457147751,brain_automl,NIFTY50
15,0.00010178268450805033,197976.87021673002,original/RandomForest,,,0.00011716318833037976,brain_automl,BANKNIFTY
15,6.570473219628553e-05,11074.124761062067,decomposition+model/ARIMA,,,0.00011733880439111174,brain_automl,BANKNIFTY
15,7.607987951484523e-05,4645.999964973186,WeightedEnsemble,1.3799264796528596e-08,-0.06358174191793986,0.00011747027196924588,brain_automl,BANKNIFTY
15,0.00010675351167903699,222806.32029835833,original/ARIMA,,,0.00011951128720694498,brain_automl,BANKNIFTY
15,7.985609631001696e-05,7485.327295803907,AutoARIMA,1.487919137227178e-08,-0.14681734943098323,0.00012198029091731081,brain_automl,BANKNIFTY
15,6.628157444568179e-05,2263.058915515661,Naive,1.497507852727215e-08,-0.15420787558194915,0.00012237270335851925,brain_automl,BANKNIFTY
15,7.322571452534019e-05,10232.835466453298,decomposition+model/ExpSmoothing,,,0.0001228079312145414,brain_automl,BANKNIFTY
15,6.428594100188394e-05,3743281.106417472,decomposition+model/ARIMA,,,0.00012299911839828357,brain_automl,NIFTY50
15,6.467287148387997e-05,1086883.9579251509,decomposition+model/ExpSmoothing,,,0.0001255736648575396,brain_automl,NIFTY50
15,7.43638268727666e-05,850.9119584379101,arima,1.662980116197603e-08,0.1590099470121672,0.00012895658634585528,brain_automl,NIFTY50
15,0.00010277893919112942,8761.09151640942,DirectTabular,1.7740925969600616e-08,-0.36738625022485194,0.0001331950673621235,brain_automl,BANKNIFTY
15,0.00010284483656768875,317043.6694745792,decomposition+model/XGBoost,,,0.00014092416514523693,brain_automl,HDFCBANK
15,0.00010343188762825091,355795.6681645352,decomposition+model/LSTM,,,0.0001413797146452902,brain_automl,HDFCBANK
15,0.00010746788312340144,340713.7999756456,decomposition+model/RandomForest,,,0.00014348567078609632,brain_automl,HDFCBANK
15,0.0001170663670529731,1228571.542719016,WeightedEnsemble,2.0720932838461598e-08,0.05098381235209404,0.00014394767395988585,brain_automl,HDFCBANK
15,0.00010073791544879681,300202.5909702928,decomposition+model/ARIMA,,,0.00014408965678098476,brain_automl,HDFCBANK
15,8.768221337235523e-05,9417.643781756055,DirectTabular,2.1907481262004694e-08,-0.10788900287573022,0.00014801176055302058,brain_automl,NIFTY50
15,0.00013191673536267577,1452598.9186792602,DirectTabular,2.276838859819733e-08,-0.04278941082420418,0.00015089197658655455,brain_automl,HDFCBANK
15,8.273005881623799e-05,2423.446501999741,ETS,2.286042447479249e-08,-0.1560805449880458,0.00015119664174442662,brain_automl,NIFTY50
15,8.385789505683184e-05,2309.253315084428,AutoARIMA,2.3885824372520398e-08,-0.20793631319143668,0.00015455039428134888,brain_automl,NIFTY50
15,0.00012260181162920838,1110871.7066187058,Theta,2.391459442353383e-08,-0.09528549732285763,0.00015464344287273815,brain_automl,HDFCBANK
15,0.00011278844135563293,5756.55003984908,Theta,2.3977459230896603e-08,-0.8480685914497987,0.00015484656673913247,brain_automl,BANKNIFTY
15,0.000123422504145029,714579.4074358408,original/XGBoost,,,0.0001569934633113883,brain_automl,HDFCBANK
15,0.0001393260695529519,621183.637829489,original/RandomForest,,,0.00015762967122961194,brain_automl,HDFCBANK
15,8.370226477372242e-05,394.1228970955735,WeightedEnsemble,2.6035403347006658e-08,-0.3166432374683308,0.0001613548987387946,brain_automl,NIFTY50
15,8.439804218012086e-05,771.460349728961,Naive,2.6256651457555233e-08,-0.32783203391883475,0.0001620390430037009,brain_automl,NIFTY50
15,0.00014160802977505627,1439481.2217105944,ETS,2.6517767334239487e-08,-0.21451049799081034,0.0001628427687502257,brain_automl,HDFCBANK
15,0.00010374477229117556,2070.2642042907714,Theta,2.7259634987547762e-08,-0.37855417808752123,0.0001651049211487888,brain_automl,NIFTY50
15,0.0001000656548821942,93485.6535568032,decomposition+model/ExpSmoothing,,,0.00016615043270389805,brain_automl,HDFCBANK
15,0.00013673974559313365,1862228.9234229343,AutoARIMA,2.7735380556290488e-08,-0.2702770345183383,0.00016653942643197282,brain_automl,HDFCBANK
15,0.0001533799709413473,853530.5959582464,original/LSTM,,,0.00016709638760970409,brain_automl,HDFCBANK
15,0.00011401172331348771,13272.745782285096,RecursiveTabular,2.851191814644396e-08,-0.44188371942707305,0.00016885472497518085,brain_automl,NIFTY50
15,0.0001574418915371104,881313.8054714726,original/ExpSmoothing,,,0.00017093921595386893,brain_automl,HDFCBANK
15,0.00011816097258655897,7643.973306856717,SeasonalNaive,3.279344821061659e-08,-0.6584061035774365,0.00018108961375688166,brain_automl,NIFTY50
15,0.00013900647475515658,5537.000497217979,RecursiveTabular,3.4692900550799e-08,-1.6739638773572247,0.00018626030320709511,brain_automl,BANKNIFTY
15,0.00017012194602629522,2777273.3762641163,arima,3.6268054046567775e-08,-0.6610724359279065,0.00019044173399380656,brain_automl,HDFCBANK
15,0.00017960921350335923,1019823.4978741702,original/ARIMA,,,0.00019332445359744743,brain_automl,HDFCBANK
15,0.00018788454539067485,402448.5828085964,original/LSTM,,,0.00020092682900071492,brain_automl,BANKNIFTY
15,0.00015474650616994354,5114.803374350977,original/XGBoost,,,0.00021793178362722885,brain_automl,RELIANCE
15,0.00013881303597678256,4413.011851402278,original/ExpSmoothing,,,0.0002185835328720445,brain_automl,RELIANCE
15,0.00013919564273372673,4451.591182674544,original/ARIMA,,,0.00021865835291301993,brain_automl,RELIANCE
15,0.0001407421512007212,2852.9257378457974,SeasonalNaive,4.791833162425398e-08,-2.6933172433611503,0.00021890256194081873,brain_automl,BANKNIFTY
15,0.00014896142882919576,5329.295919921615,original/RandomForest,,,0.00022019687016364267,brain_automl,RELIANCE
15,0.00013512129355109547,3934.749979291889,decomposition+model/LSTM,,,0.00022040177565513507,brain_automl,RELIANCE
15,0.00012909939961144341,2199.743439787603,decomposition+model/RandomForest,,,0.0002311909771953987,brain_automl,RELIANCE
15,0.0001319714870890641,2238.8467700956244,decomposition+model/XGBoost,,,0.00023439061517454174,brain_automl,RELIANCE
15,0.00018025607810362391,7086.495355094954,original/LSTM,,,0.00023820047411822704,brain_automl,RELIANCE
15,0.00017469496010276027,3976116.1555904387,SeasonalNaive,5.974571688228524e-08,-1.7363465200115513,0.00024442936992572157,brain_automl,HDFCBANK
15,0.00014039697718413246,438.9431897948028,WeightedEnsemble,6.527245999653184e-08,0.08496271299458336,0.0002554847549199988,brain_automl,RELIANCE
15,0.0001775008516925662,524.8154754648378,DirectTabular,6.71528250691043e-08,0.05860237427473325,0.00025913862133827967,brain_automl,RELIANCE
15,0.00014732401217694692,792.595141493437,decomposition+model/ARIMA,,,0.0002597965437105861,brain_automl,RELIANCE
15,0.0001499195310496216,403.78883922852174,decomposition+model/ExpSmoothing,,,0.00026129385302897304,brain_automl,RELIANCE
15,0.00019211311507413004,4429413.341306907,RecursiveTabular,6.865133297184673e-08,-2.1442226468181556,0.00026201399384736445,brain_automl,HDFCBANK
15,0.0001576764206027772,510.08388691710013,Naive,7.145421305999977e-08,-0.0016976419611465232,0.0002673092087078179,brain_automl,RELIANCE
15,0.00016664596150355303,443.067646993063,xgb_limitdepth,7.845832967848201e-08,-0.09988649325901511,0.00028010414077353805,brain_automl,RELIANCE
15,0.00014766822526271863,279.0561761830102,ETS,8.02560893269692e-08,-0.12508880847016113,0.0002832950570111826,brain_automl,RELIANCE
15,0.00014626951681898518,187.83449802211635,AutoARIMA,8.38009679309133e-08,-0.1747835204618482,0.00028948396834870373,brain_automl,RELIANCE
15,0.0001850026715835608,363.36737727068436,Theta,9.573887787417972e-08,-0.34213791046924014,0.00030941699674416677,brain_automl,RELIANCE
15,0.00021082281225071875,756.3656374466402,RecursiveTabular,9.643360859619365e-08,-0.3518771560117666,0.00031053761220855945,brain_automl,RELIANCE
15,0.00020747135064347422,652.2367376296307,SeasonalNaive,9.714112219601448e-08,-0.36179560132444344,0.0003116747057366293,brain_automl,RELIANCE
15,0.0002257024352685915,2276.7450004878915,original/RandomForest,,,0.000348791622062265,brain_automl,TCS
15,0.00021266174568616736,1553.1869820158156,original/XGBoost,,,0.00035146663730098346,brain_automl,TCS
15,0.00022135955495126595,1960.4031328016838,original/ExpSmoothing,,,0.00036351535364742446,brain_automl,TCS
15,0.000221119323678204,1948.5729127390907,original/ARIMA,,,0.00036380724977730703,brain_automl,TCS
15,0.00021523419719302105,1689.1584247634714,original/LSTM,,,0.00036482555214629027,brain_automl,TCS
15,0.00020619728773034783,1262.7780378048642,decomposition+model/LSTM,,,0.0003757643030006546,brain_automl,TCS
15,0.0003586443388161368,3985877.881058342,Naive,1.4584065921381073e-07,-5.67948434031138,0.00038189089962162065,brain_automl,HDFCBANK
15,0.00020241538207135763,1084.1324872279147,decomposition+model/RandomForest,,,0.00038298195332868,brain_automl,TCS
15,0.0002070480991211617,1370.7476955930435,decomposition+model/XGBoost,,,0.00038425438881781323,brain_automl,TCS
15,0.00019774216141965536,214.4875157913311,decomposition+model/ARIMA,,,0.00040739235563136823,brain_automl,TCS
15,0.00020856617950624473,188.45023084888552,decomposition+model/ExpSmoothing,,,0.00041291978952624124,brain_automl,TCS
15,0.00027256909177036075,1887.8278278215066,arima,1.8176756246109108e-07,0.01566069665587988,0.0004263420721217777,brain_automl,TCS
15,0.00027435261573707776,1819.1062657426464,ETS,1.84721830946106e-07,-0.00033777162447434783,0.00042979277674957034,brain_automl,TCS
15,0.00026415048189468274,2021.7290951422842,Theta,1.8521591189867719e-07,-0.003013404691587951,0.00043036718264602517,brain_automl,TCS
15,0.00026138114833865894,1577.9747436397206,AutoARIMA,1.8661775105729514e-07,-0.010604887803927543,0.0004319927673668798,brain_automl,TCS
15,0.0002548077275773055,1289.4956471455732,DirectTabular,2.099108193519487e-07,-0.13674556058108656,0.0004581602550985285,brain_automl,TCS
15,0.00021447884767858053,508.9585571478447,WeightedEnsemble,2.1567126153746355e-07,-0.16794050851937725,0.00046440420060273307,brain_automl,TCS
15,0.000215515409557993,202.80978422584374,Naive,2.276457005649007e-07,-0.2327865724188547,0.00047712231195459797,brain_automl,TCS
15,0.00038493662516439524,6402.378103323261,RecursiveTabular,3.316559289832264e-07,-0.7960408428493839,0.0005758957622549643,brain_automl,TCS
15,0.0003908510989686338,6534.4436934890755,SeasonalNaive,3.414266921921358e-07,-0.8489531783617061,0.00058431728726107,brain_automl,TCS
30,6.900152896553686e-05,97758.71723484833,decomposition+model/XGBoost,,,9.748977800524768e-05,brain_automl,BANKNIFTY
30,6.9934526719821e-05,79100.23966873782,WeightedEnsemble,9.964374219913026e-09,-0.01111738364697934,9.98217121668078e-05,brain_automl,BANKNIFTY
30,7.060919490806305e-05,94576.07252605207,decomposition+model/LSTM,,,9.998004808757735e-05,brain_automl,BANKNIFTY
30,8.41641138428917e-05,221053.04910339083,arima,1.0157856201232121e-08,-0.030750628085274512,0.00010078619052842567,brain_automl,BANKNIFTY
30,6.958816997585719e-05,88274.17039121197,decomposition+model/RandomForest,,,0.00010276793975772128,brain_automl,BANKNIFTY
30,8.950807939266194e-05,198899.1536793169,ETS,1.0805604855186536e-08,-0.0964797857616666,0.00010395001132845795,brain_automl,BANKNIFTY
30,8.684105183563832e-05,162053.12041841316,original/XGBoost,,,0.00010531083352421069,brain_automl,BANKNIFTY
30,7.385712803573611e-05,73253.37984068526,AutoARIMA,1.1501907942651356e-08,-0.16713591935164818,0.00010724694840717546,brain_automl,BANKNIFTY
30,6.53970576264729e-05,2223928.535267038,arima,1.1575403602465508e-08,0.0837963343428243,0.00010758904964012605,brain_automl,NIFTY50
30,6.47550732007989e-05,44494.53790657895,Naive,1.1636821888154656e-08,-0.18082607515914217,0.00010787410202710683,brain_automl,BANKNIFTY
30,7.007730920323874e-05,10483110.060881948,original/XGBoost,,,0.00011087029887071808,brain_automl,NIFTY50
30,7.567560954529293e-05,13624465.592691546,original/RandomForest,,,0.0001116276736972499,brain_automl,NIFTY50
30,7.405409971793445e-05,13117948.198944831,original/ExpSmoothing,,,0.00011247057869645408,brain_automl,NIFTY50
30,7.62215325656609e-05,14105331.695993926,original/ARIMA,,,0.0001128355199918265,brain_automl,NIFTY50
30,6.817983687475824e-05,10450318.60858,original/LSTM,,,0.00011340449128211276,brain_automl,NIFTY50
30,0.0001006966680205526,208960.63704760242,original/ExpSmoothing,,,0.00011452714375827179,brain_automl,BANKNIFTY
30,6.231262729170593e-05,5538754.1365781035,decomposition+model/XGBoost,,,0.00011500607567677653,brain_automl,NIFTY50
30,6.5068694423227e-05,7563449.740621206,decomposition+model/LSTM,,,0.00011642478020752034,brain_automl,NIFTY50
30,6.32531127144303e-05,5557045.167294589,decomposition+model/RandomForest,,,0.00011694647457147751,brain_automl,NIFTY50
30,7.604922502096305e-05,15167722.564966595,DirectTabular,1.3710125601710982e-08,-0.08516884285852444,0.00011709024554466944,brain_automl,NIFTY50
30,0.00010178268450805033,197976.87021673002,original/RandomForest,,,0.00011716318833037976,brain_automl,BANKNIFTY
30,6.570473219628553e-05,11074.124761062067,decomposition+model/ARIMA,,,0.00011733880439111174,brain_automl,BANKNIFTY
30,0.00010675351167903699,222806.32029835833,original/ARIMA,,,0.00011951128720694498,brain_automl,BANKNIFTY
30,7.092369027571542e-05,5188182.573376989,ETS,1.4624614673022563e-08,-0.1575514800531912,0.00012093227308300528,brain_automl,NIFTY50
30,9.86633073591129e-05,138606.2568230188,DirectTabular,1.4715694294882948e-08,-0.4932492483326967,0.00012130826144530696,brain_automl,BANKNIFTY
30,6.582745515292467e-05,1918049.5086735934,AutoARIMA,1.503245507270054e-08,-0.18983241659940897,0.000122606912825911,brain_automl,NIFTY50
30,7.322571452534019e-05,10232.835466453298,decomposition+model/ExpSmoothing,,,0.0001228079312145414,brain_automl,BANKNIFTY
30,6.428594100188394e-05,3743281.106417472,decomposition+model/ARIMA,,,0.00012299911839828357,brain_automl,NIFTY50
30,6.467287148387997e-05,1086883.9579251509,decomposition+model/ExpSmoothing,,,0.0001255736648575396,brain_automl,NIFTY50
30,6.526261182037999e-05,947457.326082885,WeightedEnsemble,1.631093830619461e-08,-0.2910255209814465,0.00012771428387692041,brain_automl,NIFTY50
30,6.656464116241519e-05,1425848.4017385931,Naive,1.6525019564261133e-08,-0.3079702462044416,0.00012854967741795828,brain_automl,NIFTY50
30,9.983565059943977e-05,75380.65829553979,Theta,1.7661058045312084e-08,-0.7921248649540642,0.00013289491354191133,brain_automl,BANKNIFTY
30,8.846409905432522e-05,1377734.0169516762,Theta,1.8245680749043548e-08,-0.44416213540266236,0.00013507657365007282,brain_automl,NIFTY50
30,0.00011204957730485717,931493.8214594427,AutoARIMA,1.8794005839468504e-08,-0.1903784865188336,0.00013709123181104073,brain_automl,HDFCBANK
30,0.00010284483656768875,317043.6694745792,decomposition+model/XGBoost,,,0.00014092416514523693,brain_automl,HDFCBANK
30,0.00011960488812866762,614987.0551677576,WeightedEnsemble,1.9944661294134347e-08,-0.2632589309716753,0.00014122556883983277,brain_automl,HDFCBANK
30,0.00010343188762825091,355795.6681645352,decomposition+model/LSTM,,,0.0001413797146452902,brain_automl,HDFCBANK
30,0.00010746788312340144,340713.7999756456,decomposition+model/RandomForest,,,0.00014348567078609632,brain_automl,HDFCBANK
30,0.00010073791544879681,300202.5909702928,decomposition+model/ARIMA,,,0.00014408965678098476,brain_automl,HDFCBANK
30,0.00012332070733838055,556177.7391555161,Theta,2.296608016319878e-08,-0.45463016131061806,0.00015154563722918183,brain_automl,HDFCBANK
30,9.995622070047386e-05,1430210.9026228623,SeasonalNaive,2.2972438607723957e-08,-0.8182892955022412,0.0001515666144232428,brain_automl,NIFTY50
30,0.0001277243696588168,726925.2569727615,DirectTabular,2.3216913335375768e-08,-0.47051748274784533,0.000152370972745388,brain_automl,HDFCBANK
30,0.0001184141026576607,29043406.929324068,RecursiveTabular,2.4120076885379447e-08,-0.9091259032739554,0.00015530639679478577,brain_automl,NIFTY50
30,0.000123422504145029,714579.4074358408,original/XGBoost,,,0.0001569934633113883,brain_automl,HDFCBANK
30,0.0001393260695529519,621183.637829489,original/RandomForest,,,0.00015762967122961194,brain_automl,HDFCBANK
30,0.00014378645612542668,720488.2335184125,ETS,2.62294399738801e-08,-0.6613254952158176,0.00016195505541316115,brain_automl,HDFCBANK
30,0.0001000656548821942,93485.6535568032,decomposition+model/ExpSmoothing,,,0.00016615043270389805,brain_automl,HDFCBANK
30,0.0001533799709413473,853530.5959582464,original/LSTM,,,0.00016709638760970409,brain_automl,HDFCBANK
30,0.0001574418915371104,881313.8054714726,original/ExpSmoothing,,,0.00017093921595386893,brain_automl,HDFCBANK
30,0.00015941518927681982,1389460.9603360975,arima,3.1353620600536866e-08,-0.985881868727156,0.00017706953606009382,brain_automl,HDFCBANK
30,0.00017960921350335923,1019823.4978741702,original/ARIMA,,,0.00019332445359744743,brain_automl,HDFCBANK
30,0.0001542957865920472,209325.00248684382,RecursiveTabular,3.925887879548642e-08,-2.9837258152426744,0.00019813853435282703,brain_automl,BANKNIFTY
30,0.00018788454539067485,402448.5828085964,original/LSTM,,,0.00020092682900071492,brain_automl,BANKNIFTY
30,0.00013499833392056375,23761.64411263998,SeasonalNaive,4.325464085313461e-08,-3.3891887563404817,0.00020797750083394745,brain_automl,BANKNIFTY
30,0.00015474650616994354,5114.803374350977,original/XGBoost,,,0.00021793178362722885,brain_automl,RELIANCE
30,0.00013881303597678256,4413.011851402278,original/ExpSmoothing,,,0.0002185835328720445,brain_automl,RELIANCE
30,0.00013919564273372673,4451.591182674544,original/ARIMA,,,0.00021865835291301993,brain_automl,RELIANCE
30,0.00014896142882919576,5329.295919921615,original/RandomForest,,,0.00022019687016364267,brain_automl,RELIANCE
30,0.00013512129355109547,3934.749979291889,decomposition+model/LSTM,,,0.00022040177565513507,brain_automl,RELIANCE
30,0.00012375109583507104,1859.1402301421826,AutoARIMA,5.174268263549121e-08,-0.07900388230210642,0.00022747017966206297,brain_automl,RELIANCE
30,0.0001645870447394974,6292.910797788666,Naive,5.2130586869545884e-08,-0.08709295216064006,0.00022832123613353595,brain_automl,RELIANCE
30,0.0001563880563213328,8650.632511654825,WeightedEnsemble,5.263986290124716e-08,-0.09771302030129281,0.0002294337876191019,brain_automl,RELIANCE
30,0.00014436368973905802,3528.5444775548895,ETS,5.283086644017147e-08,-0.10169606774946316,0.00022984966051785126,brain_automl,RELIANCE
30,0.00012909939961144341,2199.743439787603,decomposition+model/RandomForest,,,0.0002311909771953987,brain_automl,RELIANCE
30,0.00016753641994383698,5762.461421526416,xgb_limitdepth,5.478413699319846e-08,-0.14242813656680098,0.00023406011405875728,brain_automl,RELIANCE
30,0.0001319714870890641,2238.8467700956244,decomposition+model/XGBoost,,,0.00023439061517454174,brain_automl,RELIANCE
30,0.00018025607810362391,7086.495355094954,original/LSTM,,,0.00023820047411822704,brain_automl,RELIANCE
30,0.00018590686365017745,8629.23162835982,DirectTabular,6.097463230793597e-08,-0.27152017698206055,0.000246930419972785,brain_automl,RELIANCE
30,0.0001845075294268282,1989284.5233664785,SeasonalNaive,6.481586964306353e-08,-3.105320465851996,0.0002545896102417841,brain_automl,HDFCBANK
30,0.0001675723412557502,8750.155096717586,Theta,6.607681565441515e-08,-0.3779173593208831,0.0002570541103628089,brain_automl,RELIANCE
30,0.00018429214582607684,6299.079165378926,SeasonalNaive,6.655350618378382e-08,-0.38785791334025754,0.0002579796623452783,brain_automl,RELIANCE
30,0.00014732401217694692,792.595141493437,decomposition+model/ARIMA,,,0.0002597965437105861,brain_automl,RELIANCE
30,0.0001499195310496216,403.78883922852174,decomposition+model/ExpSmoothing,,,0.00026129385302897304,brain_automl,RELIANCE
30,0.0002079734861284345,2216211.394256865,RecursiveTabular,7.858723813229846e-08,-3.9775741471338266,0.0002803341544162938,brain_automl,HDFCBANK
30,0.00021186440859610717,8844.16588119396,RecursiveTabular,7.975629511953844e-08,-0.6631791721789526,0.00028241157044203843,brain_automl,RELIANCE
30,0.00021682506930898807,2495.389569709805,AutoARIMA,1.110922813843482e-07,-0.00566823885117107,0.00033330508754645223,brain_automl,TCS
30,0.0002298954410077065,2902.212431037436,ETS,1.1267216637807305e-07,-0.019970224006464754,0.0003356667489908303,brain_automl,TCS
30,0.0002348274335802083,3108.2464553623636,arima,1.1309184971008788e-07,-0.023769427624602102,0.00033629131673310845,brain_automl,TCS
30,0.0002266535521359576,2880.2799750053355,Theta,1.1402257909744062e-07,-0.0321949003231754,0.00033767229542478106,brain_automl,TCS
30,0.0002257024352685915,2276.7450004878915,original/RandomForest,,,0.000348791622062265,brain_automl,TCS
30,0.0002030927064114194,2009.6904192289298,DirectTabular,1.2190139508784531e-07,-0.10351826232966577,0.0003491438028776185,brain_automl,TCS
30,0.00021266174568616736,1553.1869820158156,original/XGBoost,,,0.00035146663730098346,brain_automl,TCS
30,0.00016958055703156753,761.8060947232774,WeightedEnsemble,1.2516844057389937e-07,-0.13309334926878003,0.00035379152134258304,brain_automl,TCS
30,0.00022135955495126595,1960.4031328016838,original/ExpSmoothing,,,0.00036351535364742446,brain_automl,TCS
30,0.000221119323678204,1948.5729127390907,original/ARIMA,,,0.00036380724977730703,brain_automl,TCS
30,0.00021523419719302105,1689.1584247634714,original/LSTM,,,0.00036482555214629027,brain_automl,TCS
30,0.0001648996267069875,309.07596969088564,Naive,1.3371176032103865e-07,-0.21043216360389083,0.00036566618700809435,brain_automl,TCS
30,0.00020619728773034783,1262.7780378048642,decomposition+model/LSTM,,,0.0003757643030006546,brain_automl,TCS
30,0.00020241538207135763,1084.1324872279147,decomposition+model/RandomForest,,,0.00038298195332868,brain_automl,TCS
30,0.0002070480991211617,1370.7476955930435,decomposition+model/XGBoost,,,0.00038425438881781323,brain_automl,TCS
30,0.0003709129568532615,1994815.4860795632,Naive,1.5096478261950818e-07,-8.561837480909121,0.0003885418672672331,brain_automl,HDFCBANK
30,0.00019774216141965536,214.4875157913311,decomposition+model/ARIMA,,,0.00040739235563136823,brain_automl,TCS
30,0.00020856617950624473,188.45023084888552,decomposition+model/ExpSmoothing,,,0.00041291978952624124,brain_automl,TCS
30,0.00035302990750941835,6497.757736477062,RecursiveTabular,2.6359912429744536e-07,-1.3862437947221045,0.0005134190533058209,brain_automl,TCS
30,0.0003545277960853625,6356.0211063379975,SeasonalNaive,2.698494735067939e-07,-1.4428253825987931,0.0005194703778915539,brain_automl,TCS
7,0.009244913863455372,202830.1125152729,ewma_0p94,8.559044547356362e-05,-11054.368629896839,0.009251510442817627,vol_baseline,BANKNIFTY
15,0.008963834907733528,5784714.771513388,ewma_0p94,8.054742604606578e-05,-12097.378925295692,0.008974821783526722,vol_baseline,BANKNIFTY
30,0.009650830432925075,3368611.904451406,ewma_0p94,9.38323195697051e-05,-9568.304975872497,0.009686708397061672,vol_baseline,BANKNIFTY
7,0.0102375089881346,224690.67128499373,garch,0.00010499084054490971,-13560.238506992067,0.01024650382056776,vol_baseline,BANKNIFTY
15,0.00976030357478931,6177651.096229931,garch,9.56328011033524e-05,-14363.23138802839,0.00977920247787888,vol_baseline,BANKNIFTY
30,0.010459823468906605,3610010.1699309913,garch,0.00011028134011040692,-11245.826056350905,0.010501492280166991,vol_baseline,BANKNIFTY
7,0.010547103323704636,232894.17849727892,egarch,0.00011157897138577308,-14411.200487908887,0.010563094782580202,vol_baseline,BANKNIFTY
15,0.00991416791868187,6245370.0976270335,egarch,9.89201882161556e-05,-14857.003280156649,0.009945862869362094,vol_baseline,BANKNIFTY
30,0.010744279912713602,3672297.696372155,egarch,0.00011673688521779277,-11904.182155841614,0.010804484495698662,vol_baseline,BANKNIFTY
7,0.01106199220939907,241825.92792822834,gjr_garch,0.0001226279954917061,-15838.35785127878,0.011073752547881233,vol_baseline,BANKNIFTY
15,0.010065804707510517,5977661.527803995,gjr_garch,0.00010248912250518226,-15393.064101807624,0.01012369115022689,vol_baseline,BANKNIFTY
30,0.010587398082922334,3489757.213026136,gjr_garch,0.00011335709490925746,-11559.50087368652,0.010646928895660827,vol_baseline,BANKNIFTY
7,0.01094720266193908,103573.8281523985,ewma_0p94,0.00011994232616754673,-13182.113839850139,0.010951818395478749,vol_baseline,HDFCBANK
15,0.011075303581199633,164305.94308424837,ewma_0p94,0.0001228762627889749,-13143.423049710627,0.011084956598425403,vol_baseline,HDFCBANK
30,0.012096888757413106,4889778.294522122,ewma_0p94,0.0001476287641156045,-7605.380733641971,0.01215025777980058,vol_baseline,HDFCBANK
7,0.011692590044920516,110425.66540353252,garch,0.0001368019705102916,-15035.192880182518,0.011696237451004985,vol_baseline,HDFCBANK
15,0.011678268274413596,171067.822851069,garch,0.0001365364858056375,-14604.695928694366,0.011684882789554952,vol_baseline,HDFCBANK
30,0.012563203845289111,5012191.840607707,garch,0.00015885050595260797,-8183.56643761526,0.012603590994339985,vol_baseline,HDFCBANK
7,0.012113097856563117,115808.03974399189,egarch,0.0001469053835364569,-16145.680298184598,0.012120453107720721,vol_baseline,HDFCBANK
15,0.011848412406021407,175543.48431861875,egarch,0.0001407575481087404,-15056.234959682446,0.01186412862829548,vol_baseline,HDFCBANK
30,0.012808556263725351,5147389.21236032,egarch,0.000165397407142329,-8520.887036164442,0.01286069232748879,vol_baseline,HDFCBANK
7,0.012060504152388546,112815.85088655938,gjr_garch,0.00014551184012540007,-15992.5130050718,0.01206282886081868,vol_baseline,HDFCBANK
15,0.011772646311249978,168159.76788576893,gjr_garch,0.00013879276137081093,-14846.056138324906,0.011781033968663826,vol_baseline,HDFCBANK
30,0.012511102510512602,4849975.327180612,gjr_garch,0.0001574596512071667,-8111.904449503414,0.012548292760657392,vol_baseline,HDFCBANK
7,0.008255316294875055,11552599.515897878,ewma_0p94,6.826337640530976e-05,-11041.265042194302,0.008262165358143697,vol_baseline,NIFTY50
15,0.008112373152247849,5862865.345464234,ewma_0p94,6.592488143645586e-05,-13613.066809023268,0.008119413860400014,vol_baseline,NIFTY50
30,0.008444020664104964,3166595.809159818,ewma_0p94,7.175505530070357e-05,-5664.179787717434,0.008470835572758071,vol_baseline,NIFTY50
7,0.00868188342459198,11981048.054222573,garch,7.558480289319712e-05,-12225.576982555714,0.008693952087123388,vol_baseline,NIFTY50
15,0.008405342430789683,6075150.727398675,garch,7.087946778670184e-05,-14636.232389508077,0.00841899446410923,vol_baseline,NIFTY50
30,0.008945937523494263,3288906.7303731497,garch,8.082851492985957e-05,-6380.544368308325,0.008990468003939482,vol_baseline,NIFTY50
7,0.0089121993648877,12213261.465226943,egarch,7.976532122603373e-05,-12901.816481329519,0.008931143332520968,vol_baseline,NIFTY50
15,0.008477590852515194,6184836.100794647,egarch,7.2291768815741e-05,-14927.884951406488,0.008502456634158212,vol_baseline,NIFTY50
30,0.009047805440704016,3352339.2418366484,egarch,8.272287923827763e-05,-6530.107550242325,0.009095211885287644,vol_baseline,NIFTY50
7,0.009797883943650956,13521031.92680058,gjr_garch,9.641442563377459e-05,-15594.971043358182,0.009819084765586586,vol_baseline,NIFTY50
15,0.008745347529301952,6754744.348034141,gjr_garch,7.78619428345385e-05,-16078.174790044863,0.008823941456885268,vol_baseline,NIFTY50
30,0.009013397906825744,3611225.5785436276,gjr_garch,8.218337492834252e-05,-6487.512796475883,0.009065504670361298,vol_baseline,NIFTY50
7,0.012814774258847078,1462487.575557484,ewma_0p94,0.00016443588231334936,-7864.813154559797,0.012823255527101897,vol_baseline,RELIANCE
15,0.012785294613239169,698347.3170484414,ewma_0p94,0.00016369255585172059,-8945.937529169742,0.01279423916658277,vol_baseline,RELIANCE
30,0.01326823938009334,368347.1289045854,ewma_0p94,0.00017688084781487665,-3699.3198554009196,0.013299655928439527,vol_baseline,RELIANCE
7,0.014469545148083518,1648871.6519001368,garch,0.00020962803308381475,-10026.585931962398,0.014478536980089347,vol_baseline,RELIANCE
15,0.014268871039412998,786945.9369168623,garch,0.00020385424129887273,-11141.053176868018,0.014277753370151507,vol_baseline,RELIANCE
30,0.014850659292623308,415012.15830512904,garch,0.00022147781617516587,-4632.281504742276,0.014882130767304992,vol_baseline,RELIANCE
7,0.015190126017977193,1772458.3979336577,egarch,0.00023132979094614209,-11064.69251836594,0.015209529609627712,vol_baseline,RELIANCE
15,0.015124836246363684,845888.8306040239,egarch,0.00022921006576254145,-12526.92546835166,0.015139685127589063,vol_baseline,RELIANCE
30,0.015591349679048063,445225.0295631156,egarch,0.000244059729348334,-5104.6916199123925,0.015622411124673873,vol_baseline,RELIANCE
7,0.01511949135631574,1715797.3600875728,gjr_garch,0.00022892034898504312,-10949.43652918564,0.015130113977926376,vol_baseline,RELIANCE
15,0.014706660165388852,818462.613509788,gjr_garch,0.00021665979810068945,-11840.965986805884,0.014719368128445237,vol_baseline,RELIANCE
30,0.015053356668009209,430326.4880959902,gjr_garch,0.00022708545807153453,-4749.592501989576,0.01506935493216397,vol_baseline,RELIANCE
7,0.013258967574163004,331755.3532815355,ewma_0p94,0.00017627176215920053,-4285.949453817952,0.01327673763238547,vol_baseline,TCS
15,0.013373684915196919,243970.2521747552,ewma_0p94,0.0001792939902995224,-5935.040330336501,0.013390070586054518,vol_baseline,TCS
30,0.014086559339312198,185207.3140507988,ewma_0p94,0.00020022952819678767,-1548.5992753821865,0.014150248343996924,vol_baseline,TCS
7,0.014093408830470932,352334.9430800896,garch,0.00019908640242942427,-4840.804119406168,0.01410979810023603,vol_baseline,TCS
15,0.013990168590900992,255342.18937639665,garch,0.00019609955953200112,-6491.436763767442,0.014003555246150925,vol_baseline,TCS
30,0.014877098664396253,193079.77726849564,garch,0.00022318475488995631,-1726.2524066176952,0.014939369293579844,vol_baseline,TCS
7,0.014052290689930738,349674.51118779124,egarch,0.00019833029167410005,-4822.415419197705,0.014082978792645398,vol_baseline,TCS
15,0.013849670915695687,252811.13464422352,egarch,0.00019244097145830764,-6370.30874201249,0.013872309521428206,vol_baseline,TCS
30,0.014500018911439445,191183.09696085827,egarch,0.0002119649954016324,-1639.4214015724162,0.014559017666093837,vol_baseline,TCS
7,0.014844720787718485,370103.93011286284,gjr_garch,0.00022112978794658794,-5376.901781025709,0.014870433347639468,vol_baseline,TCS
15,0.014187945596281682,260172.47653095247,gjr_garch,0.00020219329555715298,-6693.18732298751,0.01421946889152872,vol_baseline,TCS
30,0.014786532377154998,193370.56043318968,gjr_garch,0.0002201539513026631,-1702.7966701686762,0.01483758576395308,vol_baseline,TCS
